,Unnamed: 0,ID,Dirección Normalizada,COMUNA,XY (CABA),Longitud,Latitud,SEMESTRE
0,0,20160001,"PIEDRA BUENA AV. y FERNANDEZ DE LA CRUZ, F., GRAL. AV.",8,Point (98896.78238426 93532.43437792),-58.47533969,-34.68757022,1
1,1,20160002,"PAZ, GRAL. AV. y DE LOS CORRALES AV.",9,Point (95832.05571093 95505.41641999),-58.50877521,-34.66977709,1
2,2,20160003,ENTRE RIOS AV. 2034,1,Point (106684.29090040 99706.57687843),-58.39040293,-34.63189362,1
3,3,20160004,"LARRAZABAL AV. y VILLEGAS, CONRADO, GRAL.",8,Point (99840.65224780 94269.16534422),-58.46503904,-34.68092974,1
4,4,20160005,"SAN JUAN AV. y SAENZ PEÃ‘A, LUIS, PRES.",1,Point (106980.32827929 100752.16915795),-58.38718297,-34.6224663,1
5,5,20160008,27 DE FEBRERO AV. y ESCALADA AV.,8,Point (101721.59002217 93844.25656649),-58.44451316,-34.68475866,1
6,6,20160009,"NOGOYA y GONZALEZ, JOAQUIN V.",11,Point (96545.87592078 102330.67262199),-58.50095869,-34.6082544,1
7,7,20160010,"PAZ, GRAL. AV. y DE LOS CORRALES AV.",9,Point (95832.05571093 95505.41641999),-58.50877521,-34.66977709,1
8,8,20160012,"BELGRANO AV. e IRIGOYEN, BERNARDO DE",1,Point (107595.35084333 101797.50052813),-58.38048577,-34.61303893,1
9,9,20160013,ENTRE RIOS AV. 1366,1,Point (106616.41069662 100496.44662323),-58.39114932,-34.62477387,1
10,10,20160015,"SCALABRINI ORTIZ, RAUL AV. y VERA",15,Point (102357.43746828 103343.52002839),-58.4376002,-34.59912758,1
11,11,20160016,"REGIMIENTO DE PATRICIOS AV. y QUINQUELA MARTIN, BENITO",4,Point (108661.59115206 98481.75445555),-58.36882665,-34.64291993,1
12,12,20160017,"ACOSTA, MARIANO y JANER, ANA MARIA",8,Point (101228.61094416 96623.72136186),-58.44989671,-34.65970435,1
13,13,20160019,"DE LA TORRE, LISANDRO y GARCIA GRANDE DE ZEQUEIRA, SEVERO",9,Point (95727.37083199 97179.35560349),-58.50990884,-34.65468721,1
14,14,20160020,SUIPACHA 156,1,Point (107684.31807562 102519.17333314),-58.37952223,-34.60653282,1
15,15,20160021,DIRECTORIO AV. y CURAPALIGUE,7,Point (101074.94198885 99848.19369046),-58.45157703,-34.63063795,1
16,16,20160022,"9 DE JULIO AV. y ALSINA, ADOLFO",1,Point (107507.39502374 102046.08333077),-58.38144696,-34.61079875,1
17,17,20160025,"PAZ, GRAL. AV. y 27 DE FEBRERO AV.",8,Point (100077.95205948 91571.23307293),-58.46244952,-34.70524971,1
18,18,20160026,HOLMBERG y VEDIA,12,Point (97350.75566590 109083.19420265),-58.49216191,-34.54738649,1
19,19,20160027,"CURAPALIGUE AV. y DIAZ, AVELINO",7,Point (101679.82794245 98973.02976850),-58.44497874,-34.63852623,1
20,20,20160028,VIAMONTE y 9 DE JULIO AV.,1,Point (107457.87314266 103212.28518029),-58.38199706,-34.60028648,1
21,21,20160029,CABILDO AV. y DEHEZA,12,Point (99037.31284333 109733.12041651),-58.47378664,-34.54153077,1
22,22,20160031,"PAZ, GRAL. AV. y ROCA, CNEL. AV.",8,Point (99327.01838497 92326.91130631),-58.47064556,-34.69843756,1
23,23,20160034,"ALCORTA, AMANCIO AV. y BONAVENA, OSCAR NATALIO",4,Point (105230.98315750 97613.97258373),-58.40623949,-34.65076549,1
24,24,20160035,CORRIENTES AV. y CALLAO AV.,3,Point (106513.41423248 102752.75354401),-58.39228965,-34.60443527,1
25,25,20160036,"HERRERA y VALLE, ARISTOBULO DEL",4,Point (107808.84957181 99174.17105826),-58.37813396,-34.63668504,1
26,26,20160037,LAFUENTE AV. y QUIRNO,7,Point (100049.60313526 98412.21255444),-58.46275892,-34.64358293,1
27,27,20160038,"PAZ, GRAL. AV. y ZUVIRIA",8,Point (96926.79887463 94490.76318635),-58.49683458,-34.67892743,1
28,28,20160039,"MITRE, BARTOLOME y PUEYRREDON AV.",3,Point (105252.60308563 102264.96028996),-58.40603217,-34.6088396,1
29,29,20160041,DIRECTORIO AV. y RIVERA INDARTE AV.,7,Point (100232.38564985 99530.25843190),-58.4607655,-34.63350444,1
30,30,20160041,DIRECTORIO AV. y RIVERA INDARTE AV.,7,Point (100232.38564985 99530.25843190),-58.4607655,-34.63350444,1
31,31,20160043,"DELLEPIANE, LUIS, TTE. GRAL. y MURGUIONDO",8,Point (98623.04338909 94933.06478837),-58.47832463,-34.67494416,1
32,32,20160044,"MORENO, JOSE MARIA AV. y BALBASTRO",7,Point (102857.73817324 99148.76714504),-58.43213235,-34.63693953,1
33,33,20160045,"PAZ, GRAL. AV. y DEL LIBERTADOR AV.",13,Point (99620.34936816 110483.29286598),-58.46743471,-34.53476874,1
34,34,20160047,LIMA 1483,1,Point (107412.19098904 100391.02557777),-58.38247061,-34.62571878,1
35,35,20160048,CORRIENTES AV. y DORREGO AV.,15,Point (101440.29935254 104167.40204334),-58.44759966,-34.5917024,1
36,36,20160049,AUTOPISTA 1 SUR PRESIDENTE ARTURO FRONDIZI,4,Point (. .),-58.37714647568196,-34.63657525428238,1
37,37,20160050,"GORDILLO, TIMOTEO y FERNANDEZ DE LA CRUZ, F., GRAL. AV.",8,Point (99106.14718950 93761.32882893),-58.47305463,-34.68550712,1
38,38,20160051,"ALCORTA, AMANCIO AV. y BONAVENA, OSCAR NATALIO",4,Point (105230.98315750 97613.97258373),-58.40623949,-34.65076549,1
39,39,20160052,"LUGONES, LEOPOLDO AV.",13,Point (. .),-58.47534,-34.68757,1
40,40,20160053,TRIUNVIRATO AV. y OLAZABAL AV.,12,Point (98073.80557770 105955.73972818),-58.4842918,-34.57558053,1
41,41,20160054,"AUTOPISTA DELLEPIANE LUIS TTE. GRAL. y PAZ, GRAL. AV.",8,Point (97832.57143731 93489.83736533),-58.48695354,-34.68795245,1
42,42,20160055,"CASTILLA, RAMON, MARISCAL y FIGUEROA ALCORTA, PRES. AV.",14,Point (105787.74102401 105502.98340149),-58.40021959,-34.57964781,1
43,43,20160056,"CAMPOS, LUIS M. AV. 30",14,Point (103094.06446966 105842.29634122),-58.42957885,-34.57660058,1
44,44,20160058,LIMA 1471,1,Point (107411.76356149 100408.31441284),-58.38247542,-34.62556293,1
45,45,20160059,CIUDADELA y LIMA,1,Point (107434.83290791 100217.70308007),-58.38222219,-34.62728101,1
46,46,20160064,"JUSTO, JUAN B. AV. y CARRASCO AV.",10,Point (97106.70264812 99970.19547024),-58.49485242,-34.62953445,1
47,47,20160065,GAONA AV. y ESPINOSA,6,Point (101010.75965434 102062.18185970),-58.45227946,-34.61068024,1
48,48,20160067,"DE LA TORRE, LISANDRO y SARAZA",8,Point (98052.13008621 94912.60873025),-58.48455411,-34.6751276,1
49,49,20160068,"FIGUEROA ALCORTA, PRES. AV. y PUEYRREDON AV.",2,Point (106673.12856878 104998.99234220),-58.39056593,-34.58418569,1
50,50,20160069,ENTRE RIOS AV. y FILIBERTO,3,Point (106612.54991859 100244.75667446),-58.39118948,-34.62704273,1
51,51,20160073,"MAGARIÃ‘OS CERVANTES, A. 3900",10,Point (97531.24792840 101000.15957301),-58.49021952,-34.62025108,1
52,52,20160074,"PAZ, GRAL. AV. y SCAPINO, RODOLFO",8,Point (96731.44252651 94668.88351657),-58.49896559,-34.67732118,1
53,53,20160075,AUTOPISTA DELLEPIANE LUIS TTE. GRAL. y MIRALLA,8,Point (98963.32962830 95620.61360192),-58.47461076,-34.66874679,1
54,54,20160076,SAN MARTIN AV. y CAMARONES,15,Point (100109.22264405 102851.86942760),-58.46210891,-34.60356211,1
55,55,20160077,"PERON, JUAN DOMINGO, TTE. GENERAL y ALEM, LEANDRO N. AV.",1,Point (108532.37320501 102648.40418720),-58.3702777,-34.60536123,1
56,56,20160078,BELGRANO AV. y JUJUY AV.,3,Point (105354.74322032 101621.63182427),-58.40491455,-34.6146383,1
57,57,20160079,"DEL LIBERTADOR AV. y UDAONDO, GUILLERMO AV.",13,Point (100757.94817512 108943.96108781),-58.45504154,-34.54864492,1
58,58,20160080,"PAZ, GRAL. AV. y RIVADAVIA AV.",9,Point (93950.50587297 98883.37644525),-58.52927982,-34.63931752,1
59,59,20160081,"LARRALDE, CRISOLOGO AV. y MACHAIN",12,Point (97805.54034401 107789.89169078),-58.4872106,-34.55904606,1
60,60,20160082,LA PLATA AV. 2384,4,Point (103719.51591058 98555.13443768),-58.42273092,-34.64228803,1
61,61,20160083,"ALBERDI, JUAN BAUTISTA AV. y PUAN",6,Point (101413.41644585 100430.31523295),-58.44788671,-34.62539009,1
62,62,20160084,"PELLEGRINI, CARLOS y TUCUMAN",1,Point (107539.54864414 103093.65031518),-58.38110563,-34.60135531,1
63,63,20160085,"RABANAL, FRANCISCO, INTENDENTE AV. y EREZCANO",4,Point (103621.92252760 96885.28433165),-58.42378834,-34.657341,1
64,64,20160086,"OLIVERA AV. y FALCON, RAMON L.,CNEL.",10,Point (97801.31825511 99194.93911759),-58.48727942,-34.63652467,1
65,65,20160087,AUTOPISTA 1 SUR PRESIDENTE ARTURO FRONDIZI y CASEROS AV.,1,Point (107762.62066736 100018.90176187),-58.37864583,-34.62907067,2
66,66,20160088,CERETTI y NUÃ‘EZ,12,Point (96492.89040317 106832.19475660),-58.5015175,-34.56767549,2
67,67,20160089,"LUGONES, LEOPOLDO AV. y LA PAMPA",13,Point (102842.06561704 108587.10659007),-58.43233425,-34.55185825,2
68,68,20160090,"SALGUERO, JERONIMO y RIVADAVIA AV.",5,Point (103997.04813615 102012.34139150),-58.41971993,-34.6111224,2
69,69,20160092,"PAZ, GRAL. AV. y DEL LIBERTADOR AV.",13,Point (99620.34936816 110483.29286598),-58.46743471,-34.53476874,2
70,70,20160093,"ALBERDI, JUAN BAUTISTA AV. y MITRE, EMILIO",6,Point (101804.61714036 100693.45218194),-58.44362126,-34.62301748,2
71,71,20160095,MERCEDES y MOSCONI GENERAL AV.,11,Point (95061.77375682 103748.74085597),-58.51713095,-34.59546519,2
72,72,20160096,AUTOPISTA DELLEPIANE LUIS TTE. GRAL.,8,Point (. .),-58.47433193007387,-34.66684950051973,2
73,73,20160097,SOLIS y MEXICO,1,Point (106687.13301820 101510.97040757),-58.39038605,-34.6156281,2
74,74,20160098,SAN JUAN AV. y ALBERTI,3,Point (105765.97394356 100631.47718024),-58.40042405,-34.62356174,2
75,75,20160099,"MOSCONI GENERAL AV. y PAZ, GRAL. AV.",11,Point (94486.28631712 103468.59928582),-58.52340614,-34.59798754,2
76,76,20160100,"PAZ, GRAL. AV. y DONADO",12,Point (97098.48468623 109019.96106626),-58.49491054,-34.54795581,2
77,77,20160101,"PAZ, GRAL. AV. y CHAVEZ, JORGE",9,Point (93946.81673714 97681.68907836),-58.52932872,-34.65014993,2
78,78,20160102,"PERON, EVA AV. y SUAREZ, JOSE LEON",9,Point (96625.80612216 95129.90776954),-58.50011639,-34.67316502,2
79,79,20160104,ZINNY y SANTIAGO DE COMPOSTELA AV.,9,Point (99720.41444035 97007.69579491),-58.46635001,-34.65624369,2
80,80,20160105,"LACROZE, FEDERICO AV. y FRAGA",15,Point (100905.28580812 104982.19279501),-58.45343236,-34.58435809,2
81,81,20160106,"PELLEGRINI, CARLOS y DEL LIBERTADOR AV.",1,Point (107558.64146875 104433.48706482),-58.38090932,-34.58927731,2
82,82,20160107,AUTOPISTA 1 SUR PRESIDENTE ARTURO FRONDIZI y DON PEDRO DE MENDOZA AV.,4,Point (108408.31858686 97219.56218484),-58.37157668,-34.65429986,2
83,83,20160109,AUTOPISTA PERITO MORENO y BARRAGAN,9,Point (94544.31344300 99185.28796442),-58.52280139,-34.63659934,2
84,84,20160110,"ALBERDI, JUAN BAUTISTA AV. y CARHUE",9,Point (95506.35959227 96696.89655626),-58.51232237,-34.6590353,2
85,85,20160111,LUGONES y LA PAMPA,15,Point (98961.36262767 105838.76329094),-58.47461905,-34.57663634,2
86,86,20160112,AUTOPISTA 25 DE MAYO y AUTOPISTA 1 SUR PRESIDENTE ARTURO FRONDIZI,1,Point (107392.50226602 100712.59265582),-58.38268809,-34.62282019,2
87,87,20160113,"ALBERDI, JUAN BAUTISTA AV. y GUARDIA NACIONAL",9,Point (96998.81124177 98183.20743664),-58.49603546,-34.64564271,2
88,88,20160114,"SALGUERO, JERONIMO 1410",14,Point (104111.05146856 103917.57944765),-58.41848605,-34.59394733,2
89,89,20160115,ARIAS y TRONADOR,12,Point (97608.87024259 108884.67029908),-58.48935041,-34.54917673,2
90,90,20160116,27 DE FEBRERO AV. y ESCALADA AV.,8,Point (101721.59002217 93844.25656649),-58.44451316,-34.68475866,2
91,91,20160117,DEL LIBERTADOR AV. y TAGLE,14,Point (105865.95849347 105162.71037105),-58.39936478,-34.58271474,2
92,92,20160118,AUTOPISTA 1 SUR PRESIDENTE ARTURO FRONDIZI KM. 2.9,1,Point (107696.68171812 100254.76268710),-58.37936704,-34.62694503,2
93,93,20160119,"LARRALDE, CRISOLOGO AV. y TRIUNVIRATO AV.",12,Point (96944.69676081 107291.52292157),-58.49659234,-34.56353635,2
94,94,20160122,"PERON, EVA AV. 4233",9,Point (99150.75069529 97484.46650280),-58.47256391,-34.65194557,2
95,95,20160123,"ASAMBLEA AV. y BONORINO, ESTEBAN, CNEL. AV.",7,Point (101099.34592952 98750.07827754),-58.45130953,-34.64053676,2
96,96,20160124,RIVADAVIA AV. y RIVERA INDARTE AV.,7,Point (100053.89791316 100046.73776995),-58.46271207,-34.62884871,2
97,97,20160125,"AUTOPISTA PERITO MORENO y ALBERDI, JUAN BAUTISTA AV.",10,Point (97532.91184699 98538.89061454),-58.49020869,-34.64243791,2
98,98,20160126,IRIGOYEN y TINOGASTA,10,Point (94275.54271123 100886.87954649),-58.52572109,-34.62125906,2
99,99,20160126,IRIGOYEN y TINOGASTA,10,Point (94275.54271123 100886.87954649),-58.52572109,-34.62125906,2
100,100,20160127,"ACOSTA, MARIANO y ROCA, CNEL. AV.",8,Point (102048.72946345 95839.63478990),-58.44094791,-34.66677111,2
101,101,20160128,CASTRO y PAVON AV.,5,Point (104049.28528337 99858.37522846),-58.41914024,-34.6305389,2
102,102,20160130,AUTOPISTA 1 SUR PRESIDENTE ARTURO FRONDIZI y BRASIL,1,Point (107720.24059557 100176.85101454),-58.37910942,-34.62764717,2
103,103,20160131,MIRAVE 3500,4,Point (105921.45515383 98209.53178328),-58.39871183,-34.64539318,2
104,104,20160132,SAN JUAN AV. y 24 DE NOVIEMBRE,3,Point (104853.84131654 100497.93573387),-58.41036975,-34.62477021,2
105,105,20160133,LAS HERAS GENERAL AV. y SANCHEZ DE BUSTAMANTE,14,Point (105619.82089682 105083.85914124),-58.40204698,-34.5834269,2
106,106,20160134,PIEDRA BUENA AV. y 2 DE ABRIL DE 1982,8,Point (97612.37609226 94761.81268260),-58.48935287,-34.67648597,2
107,107,20160135,"FIGUEROA ALCORTA, PRES. AV. y PINEDO, INT.",14,Point (103734.76257993 107235.78328415),-58.42260225,-34.56403694,2
108,108,20160136,AUTOPISTA BUENOS AIRES - LA PLATA,4,Point (. .),-58.47534,-34.68757,2
109,109,20160137,SAN MARTIN AV. y LADINES,11,Point (95222.93546397 104315.24453153),-58.51537091,-34.59035925,2
110,110,20160138,CABILDO AV. y BLANCO ENCALADA,13,Point (100385.69739031 107770.04028070),-58.4590967,-34.55922742,2
111,111,20160139,"FIGUEROA ALCORTA, PRES. AV. y DORREGO AV.",14,Point (103965.45958231 107084.94812768),-58.42008769,-34.56539579,2
112,112,20160140,JURAMENTO AV. y VUELTA DE OBLIGADO,13,Point (100700.71684791 107520.92282315),-58.45566399,-34.56147293,2
113,113,20160142,"DEL LIBERTADOR AV. y RAMOS MEJIA, JOSE MARIA, DR. AV.",1,Point (108069.68986814 104046.20018024),-58.37533517,-34.59276462,2
114,114,20160143,27 DE FEBRERO AV. y ESCALADA AV.,8,Point (101721.59002217 93844.25656649),-58.44451316,-34.68475866,2
115,115,20160144,"BROWN, ALTE. AV. 984",4,Point (109494.82838112 99532.69117874),-58.35975012,-34.63343907,2
116,116,20160145,DEL LIBERTADOR AV. y LA PAMPA,13,Point (101657.76119068 107735.39237736),-58.44523595,-34.55953855,2
117,117,20160146,PICHINCHA AV. y BRASIL,4,Point (106147.25140863 99876.44981079),-58.39626094,-34.63036565,2
118,118,20160147,"INDEPENDENCIA AV. y CEVALLOS, VIRREY",1,Point (106817.01972475 101248.18030272),-58.38896772,-34.61799615,2
119,119,20160148,GARMENDIA AV. 4895,15,Point (99810.88349598 103818.87868694),-58.46536113,-34.59484504,2
120,120,20160150,"ALCORTA, AMANCIO AV. y TABORDA, DIOGENES",4,Point (104996.91619776 97395.92929535),-58.40879146,-34.65273216,2
121,121,20160152,"MORENO, PERITO AV. y ZUVIRIA",7,Point (99888.30162107 97709.27452060),-58.46451841,-34.64991946,2
122,122,20160153,ARAOZ y CORDOBA AV.,15,Point (103130.82393478 103817.27945358),-58.4291709,-34.59485488,2
123,123,20160154,"PAZ, GRAL. AV. 15200",8,Point (97546.12845734 94093.36420523),-58.49007772,-34.68251141,2
124,124,20160155,MADERO 900,10,Point (94107.02905618 100169.73297345),-58.52756365,-34.62772274,2
125,125,20160156,INDEPENDENCIA AV. y DEAN FUNES,3,Point (105219.14271583 101089.92439911),-58.40638983,-34.61943202,2
126,126,20160157,"JUSTO, JUAN B. AV. 5645",11,Point (98856.51878317 101315.60184716),-58.47576807,-34.61740997,2
127,127,20160159,27 DE FEBRERO AV. y ESCALADA AV.,8,Point (101721.59002217 93844.25656649),-58.44451316,-34.68475866,2
128,128,20160160,AUTOPISTA PERITO MORENO (ALTURA VELEZ SARSFIELD),9,Point (94867.91408532 99212.26216105),-58.51927194,-34.63635787,2
129,129,20160161,SANTA FE AV. y GODOY CRUZ,14,Point (103490.75904616 105613.31878847),-58.42525456,-34.57866344,2
130,130,20160162,"LACROZE, FEDERICO AV. y FOREST AV.",15,Point (100856.34310085 104890.83521057),-58.45396573,-34.58518167,2
131,131,20160163,"PAZ, GRAL. AV. y MOSCONI GENERAL AV.",11,Point (94486.28631712 103468.59928582),-58.52340614,-34.59798754,2
132,132,20160164,"LA PLATA AV. y POMAR, GREGORIO TTE. CNEL.",4,Point (103673.23003122 98676.84527702),-58.42323628,-34.64119105,2
133,133,20160165,"GARCIA, MARTIN AV. 300",4,Point (108623.21898604 100090.41541188),-58.36926144,-34.62841919,2
134,134,20160168,"LA PLATA AV. y POMAR, GREGORIO TTE. CNEL.",4,Point (103673.23003122 98676.84527702),-58.42323628,-34.64119105,2
135,135,20160169,"NUÃ‘EZ y BALBIN, RICARDO, DR. AV.",12,Point (98526.50846677 108043.08552265),-58.47935434,-34.55676497,2
136,136,20160170,"PAZ, GRAL. AV. 4500",12,Point (96082.96647324 107261.96873833),-58.50598256,-34.5637998,2
137,137,20160171,"HUERGO, ING. AV. y AUTOPISTA 25 DE MAYO",1,Point (108916.48040002 100856.88142642),-58.36607137,-34.62150748,2
138,138,20160172,"GARAY, JUAN DE AV. y CASTRO",5,Point (104044.75501725 99724.84699960),-58.41918902,-34.63174259,2
139,139,20160173,DIRECTORIO AV. y SAN PEDRITO AV.,7,Point (99615.63172945 99306.93173343),-58.46749188,-34.63551751,2
140,140,20160174,AUTOPISTA 25 DE MAYO,1,Point (. .),-58.47534,-34.68757,2
141,141,20160175,"FALCON, RAMON L.,CNEL. y MEMBRILLAR",7,Point (100243.74197213 99962.81893983),-58.46064174,-34.62960517,2
142,142,20160176,BELGRANO AV. y PASEO COLON AV.,1,Point (108597.31948169 101875.41306445),-58.36956186,-34.61232875,2
143,143,20160177,ARENALES 3319,14,Point (104920.46334566 104589.99681258),-58.40966671,-34.58788235,2
144,144,20160178,REPUBLICA BOLIVARIANA DE VENEZUELA y SAAVEDRA,3,Point (105541.07964363 101532.48653010),-58.40288226,-34.61544091,2
145,145,20170001,"JUSTO, JUAN B. AV. y ACHUPALLAS",11,Point (99757.62471161 102105.99371863),-58.4659423,-34.61028571,1
146,146,20170003,OLAVARRIA y VELEZ SARSFIELD AV.,4,Point (106759.07058844 98352.11326541),-58.38957669,-34.64410277,1
147,147,20170007,LIMA y MEXICO,1,Point (107491.43483173 101547.26343171),-58.3816166,-34.61529543,1
148,148,20170008,"CABRERA, JOSE A. y BONPLAND",14,Point (102213.80136590 104917.03799721),-58.43917004,-34.58494351,1
149,149,20170009,AUTOPISTA 25 DE MAYO y BOEDO AV.,5,Point (104341.1368196 100202.74363294),-58.41595919,-34.62743346,1
150,150,20170010,DIRECTORIO AV. y RIGLOS,6,Point (102535.57417570 100108.76675064),-58.4356488,-34.62828656,1
151,151,20170011,"PAZ, GRAL. AV. y BALBIN, RICARDO, DR. AV.",12,Point (96563.66494817 108815.73881056),-58.5007381,-34.5497951,1
152,152,20170012,"TRAFUL y TABORDA, DIOGENES",4,Point (104914.66823035 97637.72796868),-58.40969005,-34.6505529,1
153,153,20170013,"IRIARTE, GRAL. AV. 3055",4,Point (106744.80812193 97588.11558612),-58.38972622,-34.65098981,1
154,154,20170014,DONADO y ARIAS,12,Point (97378.59173196 108741.41437861),-58.49185972,-34.55046754,1
155,155,20170015,CORDOBA AV. y CALLAO AV.,2,Point (106454.66355436 103285.14730222),-58.39293417,-34.59963642,1
156,156,20170016,AUTOPISTA 25 DE MAYO KM. 8.3,1,Point (107547.76713701 100705.57738660),-58.38099494,-34.62288231,1
157,157,20170017,"JUSTO, JUAN B. AV. y PARAGUAY",14,Point (103145.91571023 105359.30690018),-58.429012,-34.58095431,1
158,158,20170018,"PAZ, GRAL. AV. y DE LOS CORRALES AV.",9,Point (95832.05571093 95505.41641999),-58.50877521,-34.66977709,1
159,159,20170021,SARMIENTO y LIBERTAD,1,Point (107308.24054153 102678.45528316),-58.38362373,-34.60509972,1
160,160,20170024,RIVADAVIA AV. 7121,7,Point (99762.20699423 99968.05446003),-58.46589308,-34.62955795,1
161,161,20170025,"FERNANDEZ DE LA CRUZ, F., GRAL. AV. y RIVERA INDARTE AV.",7,Point (102489.38230491 97228.94942016),-58.43614426,-34.6542464,1
162,162,20170026,"MORENO, PERITO AV. y FOURNIER",4,Point (104113.67806500 97722.68219304),-58.41842777,-34.64979057,1
163,163,20170026,"MORENO, PERITO AV. y FOURNIER",4,Point (104113.67806500 97722.68219304),-58.41842777,-34.64979057,1
164,164,20170027,CASEROS AV. 1429,1,Point (107333.53318866 99701.77552382),-58.38332245,-34.6319325,1
165,165,20170028,GAONA AV. y FRAGATA PRES. SARMIENTO,6,Point (100783.70757056 101919.87125456),-58.45475488,-34.61196327,1
166,166,20170029,MOZART y TANDIL,9,Point (98009.35575364 97985.81952007),-58.48501341,-34.64742455,1
167,167,20170030,MOZART y AUTOPISTA DELLEPIANE LUIS TTE. GRAL.,9,Point (99375.77435905 96732.87189547),-58.47010988,-34.65872088,1
168,168,20170031,24 DE NOVIEMBRE y PAVON,3,Point (104889.75647602 100057.93817815),-58.4099756,-34.62873635,1
169,169,20170032,"PAZ, GRAL. AV. y LOS CEDROS",8,Point (97652.09135282 93973.55833508),-58.48892175,-34.68359163,1
170,170,20170033,"PAZ, GRAL. AV. y GUTIERREZ, RICARDO",11,Point (94371.21426086 102884.21739121),-58.52466448,-34.60325478,1
171,171,20170034,GODOY CRUZ 2651,14,Point (103464.34360929 105543.78205193),-58.42554218,-34.57929036,1
172,172,20170035,"ACHAVAL RODRIGUEZ, T., DR. AV. y VILLAFLOR, AZUCENA",1,Point (109583.11620052 102006.72069921),-58.35881506,-34.61113641,1
173,173,20170035,"ACHAVAL RODRIGUEZ, T., DR. AV. y VILLAFLOR, AZUCENA",1,Point (109583.11620052 102006.72069921),-58.35881506,-34.61113641,1
174,174,20170035,"ACHAVAL RODRIGUEZ, T., DR. AV. y VILLAFLOR, AZUCENA",1,Point (109583.11620052 102006.72069921),-58.35881506,-34.61113641,1
175,175,20170036,"PAZ, GRAL. AV. y CAMPANA",12,Point (95300.18060161 105287.23850698),-58.51452347,-34.58159762,1
176,176,20170036,"PAZ, GRAL. AV. y CAMPANA",12,Point (95300.18060161 105287.23850698),-58.51452347,-34.58159762,1
177,177,20170037,"INDEPENDENCIA AV. y CEVALLOS, VIRREY",1,Point (106817.01972475 101248.18030272),-58.38896772,-34.61799615,1
178,178,20170038,CASTAÃ‘ARES AV. y LAUTARO,7,Point (101662.32423755 98406.44885071),-58.44516857,-34.64363363,1
179,179,20170040,"GUIRALDES, INT. 2699",13,Point (102290.82648731 109281.08885461),-58.43834197,-34.54560369,1
180,180,20170041,"FERNANDEZ MORENO, BALDOMERO 2186",7,Point (100774.70463767 99328.98632835),-58.45485084,-34.63531854,1
181,181,20170042,"LUGONES, LEOPOLDO AV.",14,Point (. .),-58.47534,-34.68757,1
182,182,20170045,NOGOYA 5940,10,Point (94388.40460408 100522.78812728),-58.52449285,-34.62454175,1
183,183,20170047,ARGENTINA AV. y CORVALAN,8,Point (99648.31069819 95261.11808541),-58.46713742,-34.6719879,1
184,184,20170049,"FERNANDEZ DE LA CRUZ, F., GRAL. AV. y VARELA AV.",8,Point (102273.01728657 97084.66236498),-58.43850413,-34.65554754,1
185,185,20170050,AUTOPISTA PERITO MORENO,9,Point (. .),-58.47534,-34.68757,1
186,186,20170050,AUTOPISTA PERITO MORENO,9,Point (. .),-58.47534,-34.68757,1
187,187,20170051,AUTOPISTA DELLEPIANE LUIS TTE. GRAL.,7,Point (. .),-58.47534,-34.68757,1
188,188,20170052,"PAZ, GRAL. AV. y GOLETA SANTA CRUZ",8,Point (97173.99360188 94265.65054023),-58.49413799,-34.68095739,1
189,189,20170053,VIEYTES y VILLARINO,4,Point (108050.74089604 97335.15201103),-58.37547846,-34.65326075,1
190,190,20170054,"DE LOS CONSTITUYENTES AV. y MORAN, PEDRO",15,Point (97843.76024114 104700.29820723),-58.48680218,-34.58689719,1
191,191,20170055,DE LOS CONSTITUYENTES AV. 4900,12,Point (97032.68537217 105507.05805581),-58.49563989,-34.57962262,1
192,192,20170058,CORDOBA AV. y LIBERTAD,1,Point (107271.27725903 103337.46347012),-58.38403232,-34.5991594,1
193,193,20170059,BRASIL y LIMA,1,Point (107433.79647713 100255.68319210),-58.38223382,-34.62693865,1
194,194,20170060,"ESCALADA AV. y FERNANDEZ DE LA CRUZ, F., GRAL. AV.",8,Point (100333.14201607 95123.00813458),-58.45966521,-34.67323292,1
195,195,20170061,PARAGUAY y CALLAO AV.,2,Point (106445.10866138 103387.80115442),-58.39303911,-34.59871111,1
196,196,20170062,"JUSTO, JUAN B. AV. y SAN BLAS",10,Point (95477.60201436 99478.59069542),-58.51262106,-34.63395999,1
197,197,20170063,CHILE y 9 DE JULIO AV.,1,Point (107531.03549571 101417.11038758),-58.38118367,-34.61646839,1
198,198,20170064,"MAIPU y PERON, JUAN DOMINGO, TTE. GENERAL",1,Point (107958.58079244 102597.49225224),-58.37653284,-34.60582475,1
199,199,20170065,SUAREZ AV. y HERRERA,4,Point (107903.91828587 98767.43091425),-58.37709334,-34.64035082,1
200,200,20170066,SAN MARTIN AV. y FRAGATA PRES. SARMIENTO,15,Point (100300.69930045 102792.78597597),-58.46002142,-34.60409469,1
201,201,20170067,"DIRECTORIO AV. y MORENO, JOSE MARIA AV.",6,Point (102703.30911569 100138.40769771),-58.4338197,-34.62801894,1
202,202,20170068,"RABANAL, FRANCISCO, INTENDENTE AV. 2950",8,Point (102520.03961549 96105.29592085),-58.43580656,-34.66437532,1
203,203,20170069,"PAZ, GRAL. AV. y SCHMIDL, ULRICO",9,Point (94644.00300729 96592.22735507),-58.52173071,-34.65997463,1
204,204,20170070,NUEVA YORK 3696,11,Point (95907.08722675 103463.22327776),-58.50791763,-34.59804273,1
205,205,20170072,DE LOS CONSTITUYENTES AV. y VALLEJOS,12,Point (97389.59663507 105213.53381695),-58.49175088,-34.58226957,1
206,206,20170073,CORRIENTES AV. y ECUADOR,3,Point (105089.38820014 102773.44772064),-58.40781467,-34.60425669,1
207,207,20170074,CASCO 133,9,Point (94281.31244858 99043.29027489),-58.52567073,-34.63787791,1
208,208,20170075,DE MAYO AV. y 9 DE JULIO AV.,1,Point (107498.83241886 102238.54924157),-58.381542,-34.60906385,1
209,209,20170076,"CASTILLO, RAMON S., PRES. AV. y CALLE 12 (NO OFICIAL)",2,Point (107160.34141948 105678.38284277),-58.38526125,-34.5780581,1
210,210,20170077,FRAY JUSTO SANTAMARIA DE ORO 1930,14,Point (103115.59520137 104964.08461543),-58.42934104,-34.58451712,1
211,211,20170079,MEXICO y DEAN FUNES,3,Point (105202.26736061 101269.73269565),-58.40657493,-34.61781124,1
212,212,20170080,"ALBERDI, JUAN BAUTISTA AV. y ESCALADA AV.",9,Point (97070.50716478 98268.08001276),-58.49525314,-34.64487785,1
213,213,20170082,ENTRE RIOS AV. y BRASIL,4,Point (106636.30041967 99991.34072603),-58.39092851,-34.62932696,1
214,214,20170083,"ALBERDI, JUAN BAUTISTA AV. y GUARDIA NACIONAL",9,Point (96998.81124177 98183.20743664),-58.49603546,-34.64564271,2
215,215,20170084,DEL LIBERTADOR AV. y RODRIGUEZ PEÃ‘A,2,Point (107180.90591568 104682.54945160),-58.38502878,-34.58703485,2
216,216,20170085,"TACUARI y GARCIA, MARTIN AV.",4,Point (108315.72323297 99748.45783960),-58.37261143,-34.63150425,2
217,217,20170086,RIVADAVIA AV. y MURGUIONDO,9,Point (94914.28538682 98912.56901137),-58.51876802,-34.63905965,2
218,218,20170087,24 DE NOVIEMBRE 390,3,Point (104800.65774098 101563.94663965),-58.41095567,-34.61516101,2
219,219,20170088,PASEO COLON AV. y BRASIL AV.,1,Point (108741.48238670 100448.08502809),-58.36797542,-34.62519403,2
220,220,20170089,"LEGUIZAMON, MARTINIANO 901",9,Point (95246.78684010 97935.32361317),-58.51514709,-34.64787051,2
221,221,20170090,"CHIVILCOY AV. y PAZ, GRAL. AV.",11,Point (94866.55993974 104164.40879727),-58.51925642,-34.59171721,2
222,222,20170091,"SUPERI y PAZ, GRAL. AV.",12,Point (97850.57417090 109546.39428377),-58.48671535,-34.54321216,2
223,223,20170092,AUTOPISTA 25 DE MAYO y AUTOPISTA 1 SUR PRESIDENTE ARTURO FRONDIZI,1,Point (107392.50226602 100712.59265582),-58.38268809,-34.62282019,2
224,224,20170093,"LUGONES, LEOPOLDO AV. y PUENTE DISTRIBUIDOR SCALABRINI ORTIZ",13,Point (102474.90818824 108830.74789029),-58.43633522,-34.54966288,2
225,225,20170094,"HUGO, VICTOR 2639",10,Point (94212.26181299 101286.25735606),-58.52640838,-34.61765855,2
226,226,20170095,"CORDOBA AV. y SALGUERO, JERONIMO",14,Point (104068.94257873 103491.45652529),-58.41894306,-34.59778875,2
227,227,20170096,CABILDO AV. y NUÃ‘EZ,13,Point (99608.90354249 108823.89449537),-58.46756026,-34.54972741,2
228,228,20170098,"BONIFACIO, JOSE 2114",7,Point (100563.22594607 99771.56223988),-58.45715752,-34.63132912,2
229,229,20170099,"FIGUEROA ALCORTA, PRES. AV. 5400",14,Point (103600.34605991 107446.36084135),-58.42406784,-34.56213916,2
230,230,20170100,REPUBLICA BOLIVARIANA DE VENEZUELA 2135,3,Point (106103.99852157 101567.67895783),-58.3967447,-34.61512051,2
231,231,20170101,"LACROZE, FEDERICO AV. y ZAPATA",13,Point (101644.77699748 106480.78805418),-58.44537508,-34.57084818,2
232,232,20170102,"IRIARTE, GRAL. AV. y ZAVALETA",4,Point (105750.92237188 97579.79677541),-58.40056767,-34.6510708,2
233,233,20170104,9 DE JULIO AV. y ESTADOS UNIDOS,1,Point (107538.91933237 101188.13128502),-58.38109568,-34.61853244,2
234,234,20170106,FRAY JUSTO SANTAMARIA DE ORO y GUEMES,14,Point (103483.20578848 105425.94020024),-58.42533612,-34.58035258,2
235,235,20170107,DEL LIBERTADOR AV. y JARAMILLO,13,Point (100245.64635241 109464.60244956),-58.46062311,-34.54395182,2
236,236,20170108,"PAZ, GRAL. AV. y MACHAIN",12,Point (97098.48468623 109019.96106626),-58.49491054,-34.54795581,2
237,237,20170108,"PAZ, GRAL. AV. y MACHAIN",12,Point (97098.48468623 109019.96106626),-58.49491054,-34.54795581,2
238,238,20170109,DIRECTORIO AV. y PORTELA,7,Point (99266.22533505 99180.83096967),-58.47130269,-34.63665402,2
239,239,20170110,"LAVALLE y ALEM, LEANDRO N. AV.",1,Point (108513.43549456 103032.95078343),-58.370488,-34.60189492,2
240,240,20170111,USPALLATA y PIROVANO,4,Point (103948.02389064 98549.15451723),-58.42023854,-34.6423411,2
241,241,20170112,AUTOPISTA 25 DE MAYO y VARELA AV.,7,Point (100479.14412395 98812.52258620),-58.45807401,-34.6399743,2
242,242,20170112,AUTOPISTA 25 DE MAYO y VARELA AV.,7,Point (100479.14412395 98812.52258620),-58.45807401,-34.6399743,2
243,243,20170113,SANTA FE AV. y MAIPU,1,Point (107918.77617420 103716.42961253),-58.37697717,-34.59573848,2
244,244,20170114,ALVEAR AV. y DEL LIBERTADOR AV.,2,Point (106632.70892338 104910.17381357),-58.3910058,-34.5849866,2
245,245,20170115,PAVON AV. y TREINTA Y TRES ORIENTALES,5,Point (103803.42869640 99818.79654291),-58.42182126,-34.63089661,2
246,246,20170116,"PAZ, GRAL. AV. 5750",12,Point (95357.86744200 105380.41895972),-58.51389422,-34.58075791,2
247,247,20170118,"VIEYTES y CRUZ, OSVALDO AV.",4,Point (108016.39016447 97439.36817481),-58.37585415,-34.65232158,2
248,248,20170120,AUTOPISTA DELLEPIANE LUIS TTE. GRAL. y ESCALADA AV.,9,Point (99113.17852207 96319.06728520),-58.47297505,-34.66245085,2
249,249,20170123,ALBARIÃ‘O y ARGENTINA AV.,8,Point (99518.38660571 95241.63338177),-58.46855503,-34.67216349,2
250,250,20170124,"RAMIREZ DE VELASCO, JUAN 1211",15,Point (101904.43474476 104150.89892205),-58.44254033,-34.59185043,2
251,251,20170125,"FERNANDEZ DE LA CRUZ, F., GRAL. AV. y LARRAYA",8,Point (99732.19478660 94453.36361177),-58.46622247,-34.67926929,2
252,252,20170126,RIESTRA AV. y CAÃ‘ADA DE GOMEZ,8,Point (98466.20276785 94207.42419155),-58.48003734,-34.68148508,2
253,253,20170126,RIESTRA AV. y CAÃ‘ADA DE GOMEZ,8,Point (98466.20276785 94207.42419155),-58.48003734,-34.68148508,2
254,254,20170127,GALLO y CORDOBA AV.,2,Point (104713.04838502 103467.44528033),-58.41192137,-34.59800248,2
255,255,20170128,"ARANGUREN, JUAN F., DR. 611",6,Point (102105.12699179 101749.49668435),-58.44034689,-34.61349731,2
256,256,20170129,AUTOPISTA PERITO MORENO y AUTOPISTA 25 DE MAYO,9,Point (99243.41866587 97782.67879316),-58.47155277,-34.64925746,2
257,257,20170130,CHORROARIN y SAN MARTIN AV.,15,Point (98575.30034704 103283.44421792),-58.47883099,-34.59967065,2
258,258,20170132,"COSQUIN y ROCA, CNEL. AV.",8,Point (99796.45945783 92847.91633262),-58.46552171,-34.6937413,2
259,259,20170134,"ROCA, CNEL. AV. 3555",8,Point (101915.86954232 95727.75538814),-58.4423972,-34.66777987,2
260,260,20170135,WARNES AV. y PUNTA ARENAS,15,Point (99355.48397222 103660.98712619),-58.47032551,-34.59626814,2
261,261,20170136,"BARCO CENTENERA DEL y RABANAL, FRANCISCO, INTENDENTE AV.",4,Point (104127.10295709 97119.53980201),-58.41827843,-34.65522746,2
262,262,20170137,MOSCONI GENERAL AV. y SAN NICOLAS,11,Point (95458.27090734 104045.28333021),-58.51280715,-34.59279388,2
263,263,20170138,"LAFUENTE AV. y PERON, EVA AV.",7,Point (100065.47249269 98381.80497378),-58.46258582,-34.64385704,2
264,264,20170139,"ROCA, CNEL. AV. y ESCALADA AV.",8,Point (101160.07257435 94368.23344193),-58.45064148,-34.68003614,2
265,265,20170140,AUTOPISTA 1 SUR PRESIDENTE ARTURO FRONDIZI,4,Point (. .),-58.47534,-34.68757,2
266,266,20170141,"LA PLATA AV. y GOYENA, PEDRO AV.",6,Point (103312.47684665 100458.27902411),-58.42717783,-34.62513374,2
267,267,20170143,"TRELLES, MANUEL R. y DIAZ, CESAR, GRAL.",11,Point (99897.24182072 102443.29154512),-58.46442001,-34.60724519,2
268,268,20170144,"ROCA, CNEL. AV. y PAZ, GRAL. AV.",8,Point (99327.01838497 92326.91130631),-58.47064556,-34.69843756,2
269,269,20170145,MAZA y DON BOSCO,5,Point (104266.88124229 101889.22080612),-58.41677733,-34.61223119,2
270,270,20170147,"PAZ, GRAL. AV. y PERON, EVA AV.",9,Point (96405.76679348 94981.38013791),-58.5025179,-34.67450313,2
271,271,20170148,SAN JUAN AV. y LA RIOJA,3,Point (105155.42991407 100540.06938064),-58.40708125,-34.62438894,2
272,272,20170149,PASEO COLON AV. y MEXICO,1,Point (108605.31247489 101604.53195530),-58.36947198,-34.61477051,2
273,273,20170150,RIVADAVIA AV. y MIRALLA,9,Point (95589.03838155 98881.22999034),-58.51140889,-34.63934531,2
274,274,20170151,VIEYTES y LUJAN,4,Point (108130.20782757 97076.54120716),-58.37460912,-34.65559133,2
275,275,20170152,CACHI y TRAFUL,4,Point (104752.14395609 97617.14934540),-58.41146277,-34.65073916,2
276,276,20170153,ROSARIO y LA PLATA AV.,6,Point (103186.65733155 101217.09689755),-58.42855267,-34.61829385,2
277,277,20170153,ROSARIO y LA PLATA AV.,6,Point (103186.65733155 101217.09689755),-58.42855267,-34.61829385,2
278,278,20170154,ENTRE RIOS AV. y CASEROS AV.,4,Point (106688.43418876 99459.27505947),-58.39035581,-34.63412287,2
279,279,20170155,RIVADAVIA AV. 6350,7,Point (100674.98109200 100299.64949548),-58.45593915,-34.62656868,2
280,280,20170157,"PAZ, GRAL. AV. y HUMAITA",9,Point (94007.62506099 98145.35456663),-58.52866211,-34.64597065,2
281,281,20170158,"GUALEGUAYCHU y PAZ, GRAL. AV.",11,Point (94764.11350214 103903.32150283),-58.52037476,-34.59407024,2
282,282,20170159,"INDEPENDENCIA AV. y CEVALLOS, VIRREY",1,Point (106817.01972475 101248.18030272),-58.38896772,-34.61799615,2
283,283,20170160,NAZCA AV. 365,7,Point (99317.63492514 100172.19114010),-58.47074114,-34.62771756,2
284,284,20170161,"PERON, EVA AV. 5249",9,Point (98285.13000363 96624.14779705),-58.48200819,-34.65969965,2
285,285,20180001,SAN JUAN AV. y RINCON,3,Point (106229.70400707 100696.43939679),-58.39536773,-34.62297346,1
286,286,20180002,PERU 937,1,Point (108138.18410245 101140.78821350),-58.37456088,-34.61895467,1
287,287,20180003,"PUEYRREDON, HONORIO, DR. AV. y GALICIA",15,Point (101348.13972450 102808.02053976),-58.44860217,-34.60395657,1
288,288,20180004,DEL LIBERTADOR AV. y MANZANARES,13,Point (100183.96103971 109533.84269558),-58.46129513,-34.54332766,1
289,289,20180005,PASEO COLON AV. 1019,1,Point (108641.50518777 101075.93727953),-58.36907201,-34.61953517,1
290,290,20180006,VALLE y BARCO CENTENERA DEL,6,Point (102079.59903748 100474.45881577),-58.44062219,-34.62499107,1
291,291,20180007,AUTOPISTA PERITO MORENO KM. 0.6,9,Point (94340.14761734 99250.24722124),-58.52502765,-34.63601265,1
292,292,20180008,"HUERGO, ING. AV. e INDEPENDENCIA AV.",1,Point (108868.80749430 101370.51785663),-58.36659655,-34.61687778,1
293,293,20180009,"PILCOMAYO y BROWN, ALTE. AV.",4,Point (108796.38792642 100177.06810505),-58.36737389,-34.62763661,1
294,294,20180010,"CERVANTES y BELAUSTEGUI, LUIS, DR.",10,Point (96810.81688812 99875.56613013),-58.49807953,-34.63038658,1
295,295,20180011,"CALLAO AV. y LOPEZ, VICENTE",2,Point (106639.47032605 104255.89970551),-58.39092703,-34.59088447,1
296,296,20180012,"OLIDEN y CHILAVERT, MARTINIANO, CORONEL",8,Point (99466.65991849 94317.70888094),-58.46912006,-34.68049201,1
297,297,20180013,CONGRESO AV. y GALVAN,12,Point (97860.62977748 106812.00802724),-58.48661286,-34.56786129,1
298,298,20180014,"MORENO, PERITO AV. y RIVERA INDARTE AV.",7,Point (102067.32140821 97610.71255013),-58.44074927,-34.65080597,1
299,299,20180015,AUSTRALIA AV. 2800,4,Point (107053.47849253 98047.93724144),-58.38636298,-34.64684275,1
300,300,20180015,AUSTRALIA AV. 2800,4,Point (107053.47849253 98047.93724144),-58.38636298,-34.64684275,1
301,301,20180016,"DEL LIBERTADOR AV. y RAMOS MEJIA, JOSE MARIA, DR. AV.",1,Point (108069.68986814 104046.20018024),-58.37533517,-34.59276462,1
302,302,20180017,SAN PEDRITO AV. y RIVADAVIA AV.,7,Point (99418.67591727 99840.67619219),-58.46963952,-34.63070603,1
303,303,20180018,"ISABEL LA CATOLICA y SALVADORES, CNEL.",4,Point (108363.47256437 98202.84498754),-58.37207554,-34.64543658,1
304,304,20180019,LAS HERAS GENERAL AV. y CALLAO AV.,2,Point (106550.65433457 104158.41702434),-58.39189441,-34.59176378,1
305,305,20180020,"FERNANDEZ DE LA CRUZ F., GRAL. AV. y AUTOPISTA PRESIDENTE HECTOR J. CAMPORA",8,Point (101207.19032483 96015.90575056),-58.45012957,-34.66518343,1
306,306,20180021,"ALCORTA, AMANCIO AV. y ZAVALETA",4,Point (105634.57202683 98201.36000813),-58.40184094,-34.64546845,1
307,307,20180022,"MONTES DE OCA, MANUEL AV. y OLAVARRIA",4,Point (108149.86840397 98842.98534187),-58.37441153,-34.63966783,1
308,308,20180023,BARCO CENTENERA DEL y ROSARIO,6,Point (102035.73876399 100936.73706899),-58.44110156,-34.62082399,1
309,309,20180024,ALVAREZ THOMAS AV. y DONADO,15,Point (99305.05235104 105657.19134383),-58.47087351,-34.57827342,1
310,310,20180025,AVELLANEDA AV. y BOYACA AV.,7,Point (100337.26455822 100756.41076314),-58.4596221,-34.6224514,1
311,311,20180026,"RABANAL, FRANCISCO, INTENDENTE AV. y SAENZ AV.",4,Point (104283.01090451 97171.08656182),-58.41657793,-34.65476216,1
312,312,20180026,"RABANAL, FRANCISCO, INTENDENTE AV. y SAENZ AV.",4,Point (104283.01090451 97171.08656182),-58.41657793,-34.65476216,1
313,313,20180027,CASTRO y RONDEAU,5,Point (104051.46146857 99117.09528964),-58.41911301,-34.63722107,1
314,314,20180028,"BILBAO, FRANCISCO AV. y AZUL",9,Point (99275.15851476 98531.15835355),-58.47120586,-34.64251042,1
315,315,20180029,NAZCA AV. y GAONA AV.,11,Point (99001.33520474 100973.19474422),-58.47418944,-34.62049672,1
316,316,20180030,PLAZA y ALVAREZ THOMAS AV.,15,Point (99641.71055660 105570.42188351),-58.46720441,-34.57905579,1
317,317,20180031,"GAONA AV. y ARTIGAS, JOSE GERVASIO, GRAL.",11,Point (99468.64184992 101272.71412938),-58.46909362,-34.6177971,1
318,318,20180032,CABILDO AV. y AGUILAR,13,Point (101491.71965442 106698.43843791),-58.44704343,-34.5688864,1
319,319,20180033,CAMARONES y LOPE DE VEGA AV.,10,Point (96143.57848535 100026.85558450),-58.50535541,-34.62902048,1
320,320,20180034,SANTA FE AV. 2320,2,Point (105786.93203839 103775.29320399),-58.40021675,-34.59522198,1
321,321,20180035,RIVADAVIA AV. 6950,7,Point (100003.66169818 100008.18099088),-58.46325991,-34.62919627,1
322,322,20180036,SAN MARTIN AV. y ARGERICH,15,Point (97118.17245497 103585.17867883),-58.49471482,-34.59694755,1
323,323,20180037,"CORDOBA AV. y URIBURU JOSE E., PRES.",2,Point (105923.35790409 103271.83194351),-58.3987261,-34.59975962,1
324,324,20180038,RIVADAVIA AV. 1571,1,Point (106840.31999667 102262.72809661),-58.38872177,-34.60885045,1
325,325,20180038,RIVADAVIA AV. 1571,1,Point (106840.31999667 102262.72809661),-58.38872177,-34.60885045,1
326,326,20180039,"LUGONES, LEOPOLDO AV.",14,Point (. .),-58.47534,-34.68757,1
327,327,20180040,"FREIRE, RAMON, CAP. GRAL. y OLAGUER Y FELIU, VIRREY",13,Point (100590.76036525 106235.55299971),-58.45686132,-34.57305993,1
328,328,20180041,"LA PLATA AV. y FERNANDEZ DE LA CRUZ, F., GRAL. AV.",4,Point (103711.66698694 98495.65433114),-58.42281627,-34.64282424,1
329,329,20180042,BRANDSEN y PERDRIEL,4,Point (107026.83754260 98858.75172681),-58.38666024,-34.63953396,1
330,330,20180043,"VILARDEBO, TEODORO y ALVAREZ JONTE AV.",11,Point (97438.46582767 101907.03915052),-58.49122843,-34.61207587,1
331,331,20180044,ALBERTI e INDEPENDENCIA AV.,3,Point (105715.04318224 101174.58167004),-58.40098306,-34.61866627,1
332,332,20180045,ALVAREZ THOMAS AV. 879,13,Point (100808.33159423 105557.81994917),-58.45448963,-34.5791692,1
333,333,20180046,"PAZ, GRAL. AV. y RIVADAVIA AV.",9,Point (93950.50587297 98883.37644525),-58.52927982,-34.63931752,1
334,334,20180047,CORRIENTES AV. y DORREGO AV.,15,Point (101440.29935254 104167.40204334),-58.44759966,-34.5917024,1
335,335,20180048,RIVADAVIA AV. y PEDERNERA,7,Point (99925.51296558 100002.14427355),-58.46411215,-34.62925068,1
336,336,20180049,QUESADA 2300,13,Point (100107.11808300 108354.57023193),-58.4621322,-34.55395823,1
337,337,20180050,CABILDO AV. y JURAMENTO AV.,13,Point (100606.16651489 107458.45493347),-58.45669422,-34.5620361,1
338,338,20180051,"CALIFORNIA y CARBONARI, FRANCISCO, CMTE.",4,Point (109491.72835084 98425.60443682),-58.3597716,-34.64341878,1
339,339,20180052,"CARRIL, SALVADOR MARIA DEL AV. y NAZCA",15,Point (96798.08806617 104278.02817622),-58.49820145,-34.59070093,1
340,340,20180053,SAN LUIS y AGUERO,3,Point (104834.84104085 103313.26202067),-58.4105928,-34.5993918,1
341,341,20180054,LUGONES 2430,12,Point (98495.84519532 106440.03052817),-58.47969138,-34.57121563,1
342,342,20180055,INDEPENDENCIA AV. y JUJUY AV.,3,Point (105482.77183741 101155.54165898),-58.40351561,-34.61883916,1
343,343,20180056,RIVADAVIA AV. 11050,9,Point (94825.31796080 98898.07278223),-58.51973844,-34.63918987,1
344,344,20180057,COMBATE DE LOS POZOS y HUMBERTO 1Â°,3,Point (106436.50690531 100845.32785530),-58.39311376,-34.62163006,1
345,345,20180058,CORDOBA AV. y THAMES,15,Point (102567.54814228 104264.87527568),-58.43531242,-34.59082159,1
346,346,20180059,"GARAY, JUAN DE AV. y SANCHEZ DE LORIA",5,Point (104724.05358972 99878.51159963),-58.41178165,-34.63035454,1
347,347,20180060,"LAVALLE y ALEM, LEANDRO N. AV.",1,Point (108513.43549456 103032.95078343),-58.370488,-34.60189492,1
348,348,20180061,ESTADOS UNIDOS y PICHINCHA,3,Point (105911.62147898 101065.51501699),-58.39883882,-34.61964833,1
349,349,20180062,ROSARIO y BARCO CENTENERA DEL,6,Point (102035.73876399 100936.73706899),-58.44110156,-34.62082399,1
350,350,20180063,"ALEM, LEANDRO N. AV. y VIAMONTE",1,Point (108473.00357935 103295.64162815),-58.37093138,-34.59952725,1
351,351,20180064,VARELA AV. y PRIMERA JUNTA,7,Point (100435.26388900 98861.53271694),-58.45855262,-34.63953253,1
352,352,20180065,"PELLEGRINI, CARLOS y JUNCAL",1,Point (107493.20906271 104038.93317074),-58.38161909,-34.59283447,1
353,353,20180066,"CORRIENTES AV. y LACROZE, FEDERICO AV.",15,Point (100750.52062158 104691.17506829),-58.45511899,-34.58698157,1
354,354,20180067,"MONTES DE OCA, MANUEL AV. y FINOCHIETTO ENRIQUE DR.",4,Point (107891.26340037 99945.61487141),-58.37724226,-34.62973033,1
355,355,20180068,"CARABOBO AV. y ALBERDI, JUAN BAUTISTA AV.",7,Point (100718.69831349 99996.27412808),-58.45546217,-34.62930339,2
356,356,20180069,CORDOBA AV. 2215,2,Point (105900.94104333 103295.18325601),-58.39897064,-34.59954925,2
357,357,20180070,"ESTADOS UNIDOS y URQUIZA, GRAL.",3,Point (104963.31095539 100886.97438212),-58.40917826,-34.62126274,2
358,358,20180071,"MORENO y HUERGO, ING. AV.",1,Point (108808.25931028 102022.90885862),-58.36726348,-34.61099738,2
359,359,20180072,AUTOPISTA DELLEPIANE LUIS TTE. GRAL. y MONTIEL,8,Point (98224.62123059 93867.97738800),-58.48267426,-34.68454456,2
360,360,20180073,"IRIARTE, GRAL. AV. 3400",4,Point (106218.96559101 97510.98250186),-58.39546165,-34.65168841,2
361,361,20180074,"ALBERDI, JUAN BAUTISTA AV. 2968",7,Point (99438.84176266 99501.28380301),-58.46941984,-34.63376545,2
362,362,20180075,DEL LIBERTADOR AV. y ORTIZ DE OCAMPO,14,Point (105470.75546311 105320.72785650),-58.40367321,-34.58129246,2
363,363,20180076,"CHAVEZ, JORGE y PAZ, GRAL. AV.",9,Point (93946.81673714 97681.68907836),-58.52932872,-34.65014993,2
364,364,20180077,"URQUIZA, GRAL. y ESTADOS UNIDOS",3,Point (104963.31095539 100886.97438212),-58.40917826,-34.62126274,2
365,365,20180078,PARAGUAY y SANCHEZ DE BUSTAMANTE,2,Point (104647.18963470 103830.17880585),-58.41264127,-34.59473294,2
366,366,20180079,"DE LOS CORRALES AV. y PAZ, GRAL. AV.",9,Point (95832.05571093 95505.41641999),-58.50877521,-34.66977709,2
367,367,20180080,"ALBERDI, JUAN BAUTISTA AV. y CARHUE",9,Point (95506.35959227 96696.89655626),-58.51232237,-34.6590353,2
368,368,20180081,CASTAÃ‘ARES AV. y RIVERA INDARTE AV.,7,Point (101453.89687005 98180.39027169),-58.44744156,-34.64567171,2
369,369,20180082,"LARRAZABAL y GARZON, EUGENIO, GRAL. AV.",9,Point (97148.03881747 96734.79106149),-58.49441273,-34.65869968,2
370,370,20180083,"PAZ, GRAL. AV. y FERNANDEZ DE LA CRUZ, F., GRAL. AV.",8,Point (98491.08733048 93092.87943671),-58.47976785,-34.69153196,2
371,371,20180084,"MOREAU DE JUSTO, ALICIA AV. y COCHABAMBA",1,Point (108993.20201253 100735.24332429),-58.36523349,-34.62260331,2
372,372,20180085,"ENTRE RIOS AV. y GARAY, JUAN DE AV.",3,Point (106612.54991859 100244.75667446),-58.39118948,-34.62704273,2
373,373,20180085,"ENTRE RIOS AV. y GARAY, JUAN DE AV.",3,Point (106612.54991859 100244.75667446),-58.39118948,-34.62704273,2
374,374,20180086,DIRECTORIO AV. y GUARDIA NACIONAL,9,Point (97534.35415051 97682.40955825),-58.49019551,-34.65015854,2
375,375,20180087,PAVON AV. y COLOMBRES,5,Point (104296.57153484 99891.67281595),-58.41644362,-34.63023775,2
376,376,20180088,"PAZ, GRAL. AV. y BALBIN, RICARDO, DR. AV.",12,Point (96563.66494817 108815.73881056),-58.5007381,-34.5497951,2
377,377,20180089,PICHINCHA AV. y BRASIL,4,Point (106147.25140863 99876.44981079),-58.39626094,-34.63036565,2
378,378,20180090,27 DE FEBRERO AV. y PERGAMINO,8,Point (102791.00899168 95424.06973029),-58.43284809,-34.67051543,2
379,379,20180091,AUTOPISTA PERITO MORENO y BARRAGAN,9,Point (94544.31344300 99185.28796442),-58.52280139,-34.63659934,2
380,380,20180092,CORDOBA AV. y GASCON,14,Point (103662.91363929 103496.49206019),-58.4233693,-34.59774487,2
381,381,20180093,15 DE NOVIEMBRE DE 1889 1513,1,Point (107004.02001368 99798.84856249),-58.38691681,-34.63105973,2
382,382,20180094,"SALGUERO, JERONIMO y BERUTI",14,Point (104734.93787233 104821.22705013),-58.4116902,-34.5857988,2
383,383,20180095,"LACARRA AV. y DELLEPIANE, LUIS, TTE. GRAL.",9,Point (99624.29795829 97569.69801131),-58.46739825,-34.65117757,2
384,384,20180096,"AUTOPISTA PRESIDENTE HÃ‰CTOR J. CÃMPORA y ROCA, CNEL. AV.",8,Point (101692.57924565 95312.63822646),-58.44483258,-34.67152226,2
385,385,20180097,"VARELA AV. y RABANAL, FRANCISCO, INTENDENTE AV.",8,Point (102819.52927414 96448.46140692),-58.43254025,-34.66128115,2
386,386,20180098,"PAZ, GRAL. AV. y BERON DE ASTRADA",8,Point (99203.46279192 92552.75548716),-58.47199387,-34.69640164,2
387,387,20180098,"PAZ, GRAL. AV. y BERON DE ASTRADA",8,Point (99203.46279192 92552.75548716),-58.47199387,-34.69640164,2
388,388,20180099,RIVADAVIA AV. y PEDERNERA,7,Point (99925.51296558 100002.14427355),-58.46411215,-34.62925068,2
389,389,20180100,"RAWSON DE DELLEPIANE, ELVIRA AV. 150",1,Point (109273.33013929 100616.46322293),-58.36217754,-34.62367156,2
390,390,20180101,"PAZ, GRAL. AV. y ZAPIOLA",12,Point (98376.44189669 109821.71138325),-58.48098594,-34.5407313,2
391,391,20180102,"FAMATINA y TABORDA, DIOGENES",4,Point (104810.02928662 98097.69340075),-58.41083404,-34.64640709,2
392,392,20180103,"CASTAÃ‘ARES AV. y BONORINO, ESTEBAN, CNEL. AV.",7,Point (101577.07056955 98313.98170453),-58.44609828,-34.64446729,2
393,393,20180104,AUTOPISTA 1 SUR PRESIDENTE ARTURO FRONDIZI y SUAREZ AV.,4,Point (107903.91828587 98767.43091425),-58.37709334,-34.64035082,2
394,394,20180105,NAZCA AV. y RIVADAVIA AV.,7,Point (99418.67591727 99840.67619219),-58.46963952,-34.63070603,2
395,395,20180106,"FIGUEROA ALCORTA, PRES. AV. y ECHEVERRIA",13,Point (102437.44187502 108614.72855724),-58.43674281,-34.55161027,2
396,396,20180107,RIVADAVIA AV. y JUJUY AV.,3,Point (105258.35368554 102122.93231400),-58.4059686,-34.61011987,2
397,397,20180108,"DE LOS ITALIANOS AV. y GUEMES, MACACHA",1,Point (109333.85016626 102728.06777580),-58.36154069,-34.60463618,2
398,398,20180109,"TUCUMAN y ALEM, LEANDRO N. AV.",1,Point (108501.28725227 103169.39367565),-58.37062179,-34.60066507,2
399,399,20180110,"CORRIENTES AV. y GALLARDO, ANGEL AV.",15,Point (102852.69197214 103016.76479974),-58.43220014,-34.60207186,2
400,400,20180111,"AUTOPISTA PERITO MORENO & PERON, EVA  AV.",9,Point (99423.87045126 97756.09331484),-58.46958442,-34.64949724,2
401,401,20180112,MUÃ‘ECAS y SERRANO,15,Point (101521.41058610 103279.18839709),-58.44671397,-34.59970903,2
402,402,20180113,"ARTIGAS, JOSE GERVASIO, GRAL. y TRES ARROYOS",11,Point (99245.93828707 101610.8222803),-58.47152163,-34.61474911,2
403,403,20180114,SOLIS e INDEPENDENCIA AV.,1,Point (106692.15004353 101239.02351805),-58.39032921,-34.61807951,2
404,404,20180115,"BOSCH, VENTURA y PAZ, GRAL. AV.",9,Point (93987.63954589 98477.26093452),-58.52887773,-34.64297861,2
405,405,20180116,"PAZ, GRAL. AV. 14800",8,Point (97213.03214767 94392.58930391),-58.49371157,-34.67981324,2
406,406,20180117,"PERON, EVA AV. 5321",9,Point (98224.84159668 96577.14272605),-58.48266599,-34.66012327,2
407,407,20180118,"PERON, JUAN DOMINGO, TTE. GENERAL y PUEYRREDON AV.",3,Point (105244.38396064 102386.61371612),-58.40612253,-34.60774301,2
408,408,20180119,"RABANAL, FRANCISCO, INTENDENTE AV. y SAN PEDRITO",8,Point (102489.86457298 96266.15892101),-58.43613623,-34.66292532,2
409,409,20180120,MONROE y ALVAREZ THOMAS AV.,12,Point (98237.46824855 106343.83342545),-58.48250732,-34.57208238,2
410,410,20180121,RIVADAVIA AV. y MANZONI,10,Point (96684.78779898 99093.85665638),-58.49945705,-34.6374328,2
411,411,20180122,AUTOPISTA DELLEPIANE LUIS TTE. GRAL. y LARRAZABAL,8,Point (98704.10681045 95222.62689520),-58.47743966,-34.67233407,2
412,412,20180123,"PAZ, GRAL. AV. y PERON, EVA AV.",9,Point (96405.76679348 94981.38013791),-58.5025179,-34.67450313,2
413,413,20180124,AUTOPISTA PERITO MORENO y RESERVISTAS ARGENTINOS,9,Point (94668.77734942 99160.32825286),-58.52144411,-34.63682499,2
414,414,20180125,SAENZ AV. y VENTANA,4,Point (104289.92773867 97606.13539657),-58.41650465,-34.65084045,2
415,415,20180126,"PAZ, GRAL. AV. y FALCON, RAMON L.,CNEL.",9,Point (93889.86789861 98745.59348173),-58.52994219,-34.64055918,2
416,416,20180127,"PAZ, GRAL. AV. y DE LOS CONSTITUYENTES AV.",12,Point (95720.94836751 106663.03756022),-58.50993046,-34.56919739,2
417,417,20180128,"PAZ, GRAL. AV. 11200",9,Point (94027.41355272 98150.01779732),-58.52844623,-34.64592873,2
418,418,20180128,"PAZ, GRAL. AV. 11200",9,Point (94027.41355272 98150.01779732),-58.52844623,-34.64592873,2
419,419,20180129,"NEWBERY, JORGE AV. y GUEVARA",15,Point (101200.55632600 104694.24798650),-58.45021367,-34.58695347,2
420,420,20180130,GAONA AV. y SEGUROLA AV.,10,Point (97531.36286491 100173.61049110),-58.49022072,-34.62770192,2
421,421,20180131,"MADERO, EDUARDO AV. 550",1,Point (108685.90894590 103124.78289557),-58.36860866,-34.60106568,2
422,422,20180132,"AUTOPISTA ARTURO ILLIA y CASTILLO, RAMON S., PRES. AV.",2,Point (106275.90279188 106304.98623165),-58.39490504,-34.57241534,2
423,423,20180133,NAZCA AV. y RIVADAVIA AV.,7,Point (99418.67591727 99840.67619219),-58.46963952,-34.63070603,2
424,424,20180134,LA PLATA AV. y CASEROS AV.,7,Point (103649.67568294 98786.92074818),-58.42349365,-34.64019887,2
425,425,20180135,BELGRANO AV. y PERU,1,Point (108124.38297421 101840.19801704),-58.37471802,-34.61265002,2
426,426,20180136,RIVADAVIA AV. 7013,7,Point (99900.22869225 100014.51595495),-58.46438789,-34.62913916,2
427,427,20180137,"ALSINA, ADOLFO y SANTIAGO DEL ESTERO",1,Point (107198.03031731 102023.53206745),-58.38481975,-34.61100424,2
428,428,20180138,BERMUDEZ 1893,10,Point (95944.83421152 100945.68379559),-58.50751833,-34.62073702,2
429,429,20180139,SANTANDER 1974,7,Point (101510.09611838 98933.71958961),-58.44682986,-34.63888084,2
430,430,20180140,LANTERI JULIETA 1400,1,Point (109469.86887005 101709.86665960),-58.3600465,-34.61381341,2
431,431,20180141,MAZA e INDEPENDENCIA AV.,5,Point (104420.68512694 100931.98574919),-58.41509546,-34.62085945,2
432,432,20180142,"PAZ, GRAL. AV. 5172",12,Point (95716.93710226 106295.47905158),-58.50997604,-34.57251072,2
433,433,20180143,"OLIVERA AV. y ALBERDI, JUAN BAUTISTA AV.",10,Point (97912.79273192 98756.38729095),-58.48606475,-34.64047818,2
434,434,20190001,"CASTILLO, RAMON S., PRES. AV. y CALLE 12 (NO OFICIAL)",2,Point (107160.34141948 105678.38284277),-58.38526125,-34.5780581,1
435,435,20190002,"CASTAÃ‘ARES AV. y MORENO, PERITO AV.",7,Point (100794.20933352 97609.18063839),-58.45463662,-34.65082149,1
436,436,20190003,SAN MARTIN AV. y TERRADA,15,Point (97439.07314838 103559.40773606),-58.49121672,-34.59718073,1
437,437,20190004,"PERON, EVA AV. y MEDINA",9,Point (99087.21233087 97384.56622913),-58.47325712,-34.65284605,1
438,438,20190005,"JUSTO, JUAN B. AV. y ALVAREZ JONTE AV.",10,Point (94701.87719386 99493.36109269),-58.52108101,-34.63382309,1
439,439,20190006,"OBLIGADO RAFAEL, AV.COSTANERA 4650",14,Point (104292.73762877 108227.37900690),-58.41652702,-34.55509606,1
440,440,20190007,"MITRE, BARTOLOME y YATAY",5,Point (103153.61467028 102057.67908768),-58.42891604,-34.6107166,1
441,441,20190008,"PAZ, GRAL. AV. 16080",8,Point (98650.97430792 93088.91481914),-58.47802293,-34.69156793,1
442,442,20190009,CHACABUCO y SAN JUAN AV.,1,Point (108038.17400278 100802.81492813),-58.37564821,-34.62200207,1
443,443,20190010,DEL LIBERTADOR AV. 4100,14,Point (103359.87920798 106617.17056502),-58.42668489,-34.56961468,1
444,444,20190010,DEL LIBERTADOR AV. 4100,14,Point (103359.87920798 106617.17056502),-58.42668489,-34.56961468,1
445,445,20190011,"PAZ, GRAL. AV. y ALBERDI, JUAN BAUTISTA AV.",9,Point (94949.53051500 96309.49139706),-58.5183993,-34.66252488,1
446,446,20190012,"CASTAÃ‘ARES AV. y GORDILLO, TIMOTEO",8,Point (98072.98959434 94742.80804806),-58.48432691,-34.67665828,1
447,447,20190013,SALVIGNY y MOM,7,Point (102701.07793891 98301.55899449),-58.4338383,-34.64457699,1
448,448,20190014,"LAMARCA, EMILIO 5402",11,Point (95105.42229190 104734.49416290),-58.51664939,-34.58657938,1
449,449,20190015,SAN MARTIN AV. 5638,11,Point (96988.34526261 103575.43345979),-58.49613012,-34.59703502,1
450,450,20190016,"CARRILLO, RAMON, DR. y FINOCHIETTO ENRIQUE DR.",4,Point (107350.48403234 99520.90259673),-58.38313603,-34.63356284,1
451,451,20190017,MEXICO y PICHINCHA,3,Point (105883.57359899 101434.40486977),-58.39914719,-34.61632317,1
452,452,20190018,"CANTILO, INT. y UDAONDO, GUILLERMO AV.",13,Point (101287.58627255 109848.96522762),-58.44927253,-34.54048625,1
453,453,20190019,DEL LIBERTADOR AV. 6326,13,Point (101175.50098927 108378.70762331),-58.45049163,-34.55374003,1
454,454,20190020,CHICLANA AV. 3444,5,Point (104622.17042668 99282.25347815),-58.41288952,-34.63572989,1
455,455,20190021,BOYACA AV. y YERBAL,7,Point (100537.72694403 100405.74808196),-58.45743597,-34.62561234,1
456,456,20190022,ENTRE RIOS AV. 1260,1,Point (106608.39392805 100635.27735528),-58.39123782,-34.62352245,1
457,457,20190023,"PAZ, GRAL. AV. y JACQUES, AMADEO",9,Point (93955.07404645 99209.29091025),-58.52922765,-34.63637963,1
458,458,20190024,ANTARTIDA ARGENTINA AV. 1325,1,Point (108368.93688513 104860.74716674),-58.37208118,-34.58541957,1
459,459,20190025,"MITRE, BARTOLOME y SANCHEZ DE BUSTAMANTE",5,Point (104468.07400702 102205.91009215),-58.41458534,-34.60937557,1
460,460,20190026,"FERNANDEZ DE LA CRUZ, F., GRAL. AV. y PAZ, GRAL. AV.",8,Point (98491.08733048 93092.87943671),-58.47976785,-34.69153196,1
461,461,20190027,SANTA FE AV. y AZCUENAGA,2,Point (105815.73438780 103786.90549585),-58.39990285,-34.59511714,1
462,462,20190028,"JUSTO, JUAN B. AV. y OROÃ‘O, NICASIO",11,Point (100255.56175905 102594.14179920),-58.46051346,-34.60588536,1
463,463,20190029,"FERNANDEZ DE LA CRUZ, F., GRAL. AV. y PAZ, GRAL. AV.",8,Point (98491.08733048 93092.87943671),-58.47976785,-34.69153196,1
464,464,20190030,"ALVAREZ, DONATO, TTE. GRAL. y YERBAL",7,Point (100800.05107565 100531.46552448),-58.45457546,-34.62447891,1
465,465,20190031,"CORDOBA AV. y MADERO, EDUARDO AV.",1,Point (108602.89777103 103429.39485413),-58.36951669,-34.59832047,1
466,466,20190032,"CAMARONES y ALVAREZ, DONATO, TTE. GRAL. AV.",11,Point (99921.70768730 102754.71427746),-58.46415322,-34.6044379,1
467,467,20190033,"AUTOPISTA 25 DE MAYO y HUERGO, ING. AV.",1,Point (108916.48040002 100856.88142642),-58.36607137,-34.62150748,1
468,468,20190034,"MORENO, PERITO AV. 3050",7,Point (100726.63402530 97597.06610219),-58.45537373,-34.65093074,1
469,469,20190035,SUIPACHA 665,1,Point (107693.66022765 103185.01912141),-58.37942637,-34.60053054,1
470,470,20190036,RIGLOS y FORMOSA,6,Point (102429.80070706 100864.42075191),-58.4368044,-34.62147504,1
471,471,20190037,LA RIOJA e INDEPENDENCIA AV.,3,Point (105091.36704114 101058.15092586),-58.40778291,-34.61971907,1
472,472,20190038,"UDAONDO, GUILLERMO AV. y FIGUEROA ALCORTA, PRES. AV.",13,Point (101025.65409402 109205.71453455),-58.45212523,-34.54628513,1
473,473,20190039,SAN PEDRITO AV. y DIRECTORIO AV.,7,Point (99615.63172945 99306.93173343),-58.46749188,-34.63551751,1
474,474,20190040,PUAN y SANTANDER,7,Point (101894.68493124 99164.78448252),-58.4426358,-34.63679732,1
475,475,20190041,"ALBERDI, JUAN BAUTISTA AV. y ANDALGALA",9,Point (95590.61347415 96760.29404728),-58.51140289,-34.65846419,1
476,476,20190042,LIMA y CONSTITUCION,1,Point (107444.95821447 100509.15466740),-58.38211431,-34.62465368,1
477,477,20190043,"CORDOBA AV. y MADERO, EDUARDO AV.",1,Point (108602.89777103 103429.39485413),-58.36951669,-34.59832047,1
478,478,20190044,BOEDO AV. 650,5,Point (104305.46011381 100986.83752228),-58.41635217,-34.62036547,1
479,479,20190045,DEL LIBERTADOR AV. y REPUBLICA DE LA INDIA,14,Point (104600.49945984 105930.85721602),-58.41316147,-34.57579669,1
480,480,20190046,"PAZ, GRAL. AV. y CABILDO AV.",13,Point (98817.74986778 110096.31367495),-58.47617802,-34.53825652,1
481,481,20190047,CASEROS AV. 1700,4,Point (107049.58656184 99550.26208324),-58.38641783,-34.63330028,1
482,482,20190048,AVELLANEDA AV. 1548,6,Point (100924.23883176 100986.01051740),-58.45322169,-34.62038137,1
483,483,20190049,CIUDAD DE LA PAZ y MENDOZA,13,Point (100441.31384072 107499.63270409),-58.45849057,-34.56166498,1
484,484,20190050,"SALGUERO, JERONIMO y HONDURAS AV.",14,Point (104128.51577643 103898.77571857),-58.41829559,-34.59411677,1
485,485,20190051,"FILIBERTO, JUAN DE DIOS y OLAVARRIA",4,Point (109126.17010339 98991.49558123),-58.36376488,-34.63832093,1
486,486,20190053,ASTURIAS AV. y CASTAÃ‘ARES AV.,8,Point (99896.72991309 96585.69018400),-58.46442668,-34.66004784,1
487,487,20190054,GANDARA 2976,15,Point (98264.06251394 104989.86881414),-58.48222035,-34.58428769,1
488,488,20190055,"GUEVARA, TRINIDAD y MADERO, EDUARDO AV.",1,Point (108724.12468316 102928.79394095),-58.36819005,-34.60283208,1
489,489,20190056,BOYACA AV. 305,7,Point (100414.85185956 100661.22751226),-58.45877601,-34.62330939,1
490,490,20190057,ARTILLEROS y LA PAMPA,13,Point (101957.99726887 107949.81115534),-58.44196498,-34.55760517,2
491,491,20190058,AUTOPISTA PERITO MORENO e IRIGOYEN,10,Point (96064.06591151 99221.69236283),-58.50622631,-34.63627822,2
492,492,20190059,15 DE NOVIEMBRE DE 1889 y SANTIAGO DEL ESTERO,1,Point (107261.50953067 99806.16899068),-58.3841088,-34.63099197,2
493,493,20190060,"ACOSTA, MARIANO AV. y FALCON, RAMON L.,CNEL.",10,Point (98376.49615363 99359.41534876),-58.48100602,-34.63504312,2
494,494,20190061,11 DE SEPTIEMBRE DE 1888 y MENDOZA,13,Point (101036.85652575 107926.87651681),-58.45200171,-34.5578132,2
495,495,20190062,"PINO, VIRREY DEL y CAMPOS, LUIS M. AV.",13,Point (101714.11981913 107461.10208167),-58.44462132,-34.56201105,2
496,496,20190063,FOREST AV. y MAURE,15,Point (101017.68913992 104676.11449993),-58.45220688,-34.58711712,2
497,497,20190064,BOYACA AV. y AVELLANEDA AV.,7,Point (100337.26455822 100756.41076314),-58.4596221,-34.6224514,2
498,498,20190065,BARCO CENTENERA DEL y TILCARA,4,Point (103996.06089673 97239.27066069),-58.4197085,-34.65414867,2
499,499,20190066,RIESTRA AV. y BOLIVAR (NO OFICIAL),7,Point (101964.06573044 97768.88820027),-58.44187596,-34.64938031,2
500,500,20190067,"CASTRO, EMILIO 4706",10,Point (97458.87181153 98502.45008355),-58.49101637,-34.64276621,2
501,501,20190068,27 DE FEBRERO AV. 5600,8,Point (103516.29283702 96305.80102228),-58.42493829,-34.66256502,2
502,502,20190069,"GARAY, JUAN DE AV. 2874",4,Point (105355.77079994 99994.97457130),-58.40489318,-34.62930162,2
503,503,20190070,"SCALABRINI ORTIZ, RAUL AV. y GORRITI",14,Point (103342.29763549 104114.07863350),-58.4268668,-34.59217875,2
504,504,20190071,PRIMERA JUNTA y OLIVERA AV.,9,Point (98504.80160700 97011.97752137),-58.479611,-34.65620398,2
505,505,20190072,"ALBERDI, JUAN BAUTISTA AV. y AZUL",10,Point (98982.27543524 99337.43508034),-58.47439934,-34.63524207,2
506,506,20190073,ALVAREZ THOMAS AV. 1788,15,Point (99649.53744486 105547.74929043),-58.46711912,-34.57926018,2
507,507,20190074,"LUGONES, LEOPOLDO AV. y PAZ, GRAL. AV.",13,Point (99830.29053639 110496.05308488),-58.46514781,-34.53465378,2
508,508,20190075,SAN ANTONIO y LUJAN,4,Point (108029.19662631 97048.95529785),-58.37571078,-34.65584079,2
509,509,20190076,AUTOPISTA 1 SUR PRESIDENTE ARTURO FRONDIZI y DON PEDRO DE MENDOZA AV.,4,Point (108408.31866027 97219.56223456),-58.37157668,-34.65429986,2
510,510,20190077,"FIGUEROA ALCORTA, PRES. AV. y TAGLE",14,Point (105980.99138544 105385.93253091),-58.39811256,-34.58070186,2
511,511,20190078,"EINSTEIN, ALBERTO y ALCORTA, AMANCIO AV.",4,Point (104770.59856807 97235.72066953),-58.41125934,-34.6541774,2
512,512,20190079,AGRELO y COLOMBRES,5,Point (104133.42235616 101175.18161468),-58.41822901,-34.61866836,2
513,513,20190080,"CABILDO AV. y PAZ, GRAL. AV.",13,Point (98817.74986778 110096.31367495),-58.47617802,-34.53825652,2
514,514,20190081,ELCANO AV. 4300,15,Point (100173.09831701 104773.73030321),-58.46141281,-34.58623761,2
515,515,20190082,"RABANAL, FRANCISCO, INTENDENTE AV. 2428",8,Point (103065.99442998 96457.67469916),-58.42985146,-34.6611974,2
516,516,20190083,MONTE y CORVALAN,9,Point (98049.89254647 96769.28504384),-58.48457413,-34.6583909,2
517,517,20190084,TANDIL y LAFUENTE,7,Point (99777.28948169 99222.14556838),-58.46572884,-34.63628186,2
518,518,20190085,CARDOSO y BACACAY,10,Point (97311.79828581 99453.65686299),-58.49261744,-34.6341913,2
519,519,20190086,CORRIENTES AV. 6700,15,Point (100960.33601283 104532.07598431),-58.45283186,-34.5884156,2
520,520,20190087,ALVAREZ THOMAS AV. y MENDOZA,12,Point (98491.73236150 106110.45743791),-58.47973681,-34.57418656,2
521,521,20190088,"ALCORTA, AMANCIO AV. y BONAVENA, OSCAR NATALIO",4,Point (105230.98315750 97613.97258373),-58.40623949,-34.65076549,2
522,522,20190089,"BROWN, ALTE. AV. y BLANES, JUAN MANUEL",4,Point (109247.85081573 99794.76658137),-58.36244648,-34.63107887,2
523,523,20190090,"ALBERDI, JUAN BAUTISTA AV. 5455",9,Point (96669.91669285 97846.12432372),-58.49962423,-34.64868027,2
524,524,20190091,"JUSTO, JUAN B. AV. y CAMARGO",15,Point (101631.52816900 103735.20218464),-58.44551437,-34.59559816,2
525,525,20190092,"BRIN, MINISTRO y SUAREZ",4,Point (109831.09861352 99447.57530396),-58.35608181,-34.63420319,2
526,526,20190093,"NIZA y JUSTO, JUAN B. AV.",11,Point (99859.01807773 102240.12407554),-58.46483679,-34.60907662,2
527,527,20190094,CAMARGO y SERRANO,15,Point (101799.19412891 103552.67600212),-58.44368628,-34.59724326,2
528,528,20190095,AUTOPISTA 1 SUR PRESIDENTE ARTURO FRONDIZI y CASEROS AV.,1,Point (107762.62066755 100018.90176184),-58.37864583,-34.62907067,2
529,529,20190096,CASEROS AV. y PIEDRAS,1,Point (108041.76772318 100219.10582069),-58.37560352,-34.62726382,2
530,530,20190097,AUTOPISTA PERITO MORENO KM. 5.6,9,Point (98724.36593359 97905.39654686),-58.47721439,-34.64815069,2
531,531,20190098,GUZMAN 365,15,Point (101097.15913487 104373.72916577),-58.45134029,-34.58984288,2
532,532,20190100,DE LOS CONSTITUYENTES AV. 4300,12,Point (97512.85370485 105056.21473822),-58.49040794,-34.58368803,2
533,533,20190101,"MORENO, PERITO AV. y TILCARA AV.",4,Point (103875.40694167 97709.33732832),-58.42102679,-34.64991178,2
534,534,20190102,"IBARROLA y GORDILLO, TIMOTEO",9,Point (94600.31582329 98648.40911008),-58.52219407,-34.64143926,2
535,535,20190103,"PAZ, GRAL. AV. y GRIVEO",11,Point (94643.11254058 103831.57115061),-58.52169422,-34.5947164,2
536,536,20190104,RIVADAVIA AV. y PERGAMINO,10,Point (98963.45381519 99690.23941640),-58.47460416,-34.63206174,2
537,537,20190105,SANTO TOME y SEGUROLA AV.,10,Point (96164.17004077 101559.58637156),-58.50512382,-34.61520391,1
538,538,20200001,URIARTE y LOYOLA,15,Point (102219.66522967 104119.42339682),-58.43910409,-34.59213355,1
539,539,20200002,SARAZA y VARELA AV.,7,Point (101201.50959665 98092.52358781),-58.45019436,-34.64646409,1
540,540,20200003,RIVADAVIA AV. y COMBATE DE LOS POZOS,3,Point (106413.35913221 102215.84332055),-58.39337644,-34.60927582,1
541,541,20200004,RODRIGUEZ PEÃ‘A y RIVADAVIA AV.,1,Point (106672.04348602 102224.86809233),-58.39055614,-34.60919284,1
542,542,20200005,24 DE NOVIEMBRE y SAN JUAN AV.,3,Point (104853.84131654 100497.93573387),-58.41036975,-34.62477021,1
543,543,20200006,LAFUENTE AV. 2250,8,Point (101287.27262066 97242.60480808),-58.44925765,-34.65412546,1
544,544,20200007,CHILE y LIMA,1,Point (107495.74012081 101415.07897373),-58.3815685,-34.61648696,1
545,545,20200008,"CORDOBA AV. y JAURES, JEAN",2,Point (105198.52795163 103462.44828321),-58.40662899,-34.59804521,1
546,546,20200009,"PERON, JUAN DOMINGO, TTE. GENERAL y SALGUERO, JERONIMO",5,Point (103984.76403716 102579.64869142),-58.41985649,-34.6060085,1
547,547,20200010,9 DE JULIO AV. y SAN JUAN AV.,1,Point (107547.52290950 100786.86705692),-58.38099833,-34.62214953,1
548,548,20200011,COLOMBRES 466,5,Point (104151.41161599 101223.60584703),-58.41803309,-34.61823178,1
549,549,20200012,MEXICO 2860,3,Point (105251.32172099 101267.01010190),-58.40604003,-34.61783553,1
550,550,20200013,COMBATIENTES DE MALVINAS AV. y TRIUNVIRATO AV.,15,Point (98880.64164625 105472.20084776),-58.47549929,-34.57994061,1
551,551,20200014,BERMUDEZ y NOGOYA,11,Point (95351.54075716 101470.48982187),-58.51398484,-34.61600366,1
552,552,20200015,BRASIL AV. y PASEO COLON AV.,1,Point (108741.48238670 100448.08502809),-58.36797542,-34.62519403,1
553,553,20200016,"ALEM, LEANDRO N. AV. 770",1,Point (108435.94625268 103377.11105009),-58.37133616,-34.59879316,1
554,554,20200017,BELGRANO AV. y RINCON,3,Point (106159.7089575 101676.89316862),-58.39613805,-34.61413568,1
555,555,20200018,"UDAONDO, GUILLERMO AV. 901",13,Point (101309.75947342 109680.73260642),-58.44903073,-34.54200276,1
556,556,20200019,CONSTITUCION y CASTRO,5,Point (103995.88773205 100088.27591278),-58.41972364,-34.6284667,1
557,557,20200020,"PUEYRREDON AV. y GOMEZ, VALENTIN",3,Point (105281.81064188 102627.51469425),-58.40571596,-34.60557123,1
558,558,20200021,"BRAVO, MARIO 1279",2,Point (104475.21054309 103813.59469342),-58.4145159,-34.59488319,1
559,559,20200022,AUTOPISTA DELLEPIANE LUIS TTE. GRAL. y ESCALADA AV.,9,Point (99113.17852207 96319.06728520),-58.47297505,-34.66245085,1
560,560,20200023,"ARAOZ DE LAMADRID, GREGORIO, GRAL. y BROWN, ALTE. AV.",4,Point (109662.97469484 99142.83907419),-58.35791192,-34.63695178,1
561,561,20200024,MURGUIONDO 1339,9,Point (95900.63845367 97502.71514770),-58.50801713,-34.65177305,1
562,562,20200025,RIVADAVIA AV. 2551,3,Point (105568.73999229 102163.66359236),-58.40258477,-34.60975108,1
563,563,20200026,"LUGONES, LEOPOLDO AV.",14,Point (. .),-58.47534,-34.68757,1
564,564,20200027,"DELLEPIANE, LUIS, TTE. GRAL. y MONTIEL",8,Point (98224.62123059 93867.97738800),-58.48267426,-34.68454456,1
565,565,20200028,"SCALABRINI ORTIZ, RAUL AV. y WARNES AV.",15,Point (101908.88028543 103000.62674037),-58.44248936,-34.60221948,1
566,566,20200029,"PAZ, GRAL. AV. y ROFFO, ANGEL H., DR.",9,Point (93967.75484753 98933.33634522),-58.52909134,-34.63886726,1
567,567,20200030,SAN MARTIN AV. 1550,6,Point (101074.10089886 102529.69706887),-58.45158942,-34.6064658,1
568,568,20200031,"GARZON, EUGENIO, GRAL. AV. y LARRAYA",9,Point (97236.89442427 96825.16279174),-58.49344309,-34.65788529,1
569,569,20200032,CORRIENTES AV. y SERRANO,15,Point (101899.62680853 103651.59621952),-58.44259166,-34.59635137,2
570,570,20200033,"PAZ, GRAL. AV. y DEL LIBERTADOR AV.",13,Point (99620.34936816 110483.29286598),-58.46743471,-34.53476874,2
571,571,20200034,"MITRE, BARTOLOME y ANCHORENA, TOMAS MANUEL DE, DR.",3,Point (104725.24275395 102222.75498861),-58.41178158,-34.60922259,2
572,572,20200035,AUTOPISTA 25 DE MAYO y PUMACAHUA,7,Point (101156.55025059 99210.16912341),-58.45068621,-34.63638927,2
573,573,20200036,"SCALABRINI ORTIZ, RAUL AV. y PARAGUAY",14,Point (103956.90165674 104600.93056775),-58.42016954,-34.5877879,2
574,574,20200037,"FERNANDEZ DE LA CRUZ, F., GRAL. AV. y VARELA AV.",8,Point (102273.01728657 97084.66236498),-58.43850413,-34.65554754,2
575,575,20200038,"LAS HERAS GENERAL AV. y DIAZ, CNEL. AV.",14,Point (105241.05562982 105080.52102657),-58.40617526,-34.58345898,2
576,576,20200038,"LAS HERAS GENERAL AV. y DIAZ, CNEL. AV.",14,Point (105241.05562982 105080.52102657),-58.40617526,-34.58345898,2
577,577,20200039,MURGUIONDO,9,Point (. .),-58.47534,-34.68757,2
578,578,20200040,"CASTILLO, RAMON S., PRES. AV. y CALLE 12 (NO OFICIAL)",2,Point (107160.34141948 105678.38284277),-58.38526125,-34.5780581,2
579,579,20200041,"CURAPALIGUE y PERON, EVA AV.",7,Point (101448.28844783 99373.44893645),-58.4475047,-34.63491705,2
580,580,20200042,"DIAZ, ANA y SOLDADO DE LA FRONTERA AV.",8,Point (99619.02595373 94158.58480023),-58.46745752,-34.68192648,2
581,581,20200043,"ALEM, LEANDRO N. AV. y PARAGUAY",1,Point (108372.80843298 103556.18483992),-58.37202621,-34.59717942,2
582,582,20200044,LA PLATA AV. e INDEPENDENCIA AV.,6,Point (103255.81315650 100797.78656418),-58.42779702,-34.62207347,2
583,583,20200045,"PAZ, GRAL. AV. y 27 DE FEBRERO AV.",8,Point (100077.95205948 91571.23307293),-58.46244952,-34.70524971,2
584,584,20200046,"NAZCA AV. y CARRANZA, ADOLFO P.",11,Point (98064.49909649 102385.10228515),-58.4844016,-34.60776782,2
585,585,20200047,AUTOPISTA PRESIDENTE HÃ‰CTOR J. CÃMPORA y LACARRA AV.,9,Point (99689.80114953 97506.41939342),-58.46668375,-34.65174801,2
586,586,20200048,DORREGO AV. 614,15,Point (101257.88680240 103998.57805569),-58.4495878,-34.59322448,2
587,587,20200049,"DEL LIBERTADOR AV. y RAMOS MEJIA, JOSE MARIA, DR. AV.",1,Point (108069.68986814 104046.20018024),-58.37533517,-34.59276462,2
588,588,20200050,SANTA FE AV. y GODOY CRUZ,14,Point (103490.75904616 105613.31878847),-58.42525456,-34.57866344,2
589,589,20200051,AVELLANEDA AV. y MERCEDES,10,Point (98015.81258802 99939.73589695),-58.48493828,-34.62981124,2
590,590,20200052,TUCUMAN y PUEYRREDON AV.,3,Point (105365.60153004 103041.51356366),-58.40480504,-34.60183884,2
591,591,20200053,"ALCORTA, AMANCIO AV. y EINSTEIN, ALBERTO",4,Point (104770.59856807 97235.72066953),-58.41125934,-34.6541774,2
592,592,20200054,INCLAN y ALBERTI,4,Point (105844.27941538 99942.63399522),-58.39956546,-34.6297708,2
593,593,20200055,OLAZABAL AV. 5437,12,Point (97544.91851020 105610.70316243),-58.49005682,-34.5786897,2
594,594,20200056,"PAZ, GRAL. AV. y ROCA, CNEL. AV.",8,Point (99327.01838497 92326.91130631),-58.47064556,-34.69843756,2
595,595,20200057,"NAZCA AV. y VIALE, LUIS",11,Point (98925.55646359 101088.30104271),-58.4750156,-34.61945902,2
596,596,20200058,"OLIVERA AV. y FALCON, RAMON L.,CNEL.",10,Point (97801.31825511 99194.93911759),-58.48727942,-34.63652467,2
597,597,20200059,BRASIL 1100,1,Point (107682.84851121 100144.13011242),-58.3795169,-34.62794241,2
598,598,20200060,"HOMERO y PERON, EVA AV.",9,Point (98697.55944704 96954.54248093),-58.47750832,-34.65672199,2
599,599,20200061,"CANTILO, INT. y UDAONDO, GUILLERMO AV.",13,Point (101287.58627255 109848.96522762),-58.44927253,-34.54048625,2
600,600,20200062,MORENO 1845,3,Point (106496.91403350 101854.18791210),-58.39246272,-34.61253541,2
601,601,20200063,NUEVA YORK y ALTA GRACIA,11,Point (94080.62190808 102083.62453795),-58.52783814,-34.61047001,2
602,602,20200063,NUEVA YORK y ALTA GRACIA,11,Point (94080.62190808 102083.62453795),-58.52783814,-34.61047001,2
603,603,20200065,"PAZ, GRAL. AV. y GOYENECHE, ROBERTO PARQUE AV.",12,Point (97243.88021302 108974.21974638),-58.49332664,-34.54836855,2
604,604,20200066,AUTOPISTA PERITO MORENO (ALTURA ESTACION DE TREN VILLA LURO),10,Point (96471.01552298 99259.49298489),-58.50178784,-34.63593897,2
605,605,20200067,SAENZ AV. y BEAZLEY,4,Point (104283.01090451 97171.08656182),-58.41657793,-34.65476216,2
606,606,20200068,DEL LIBERTADOR AV. y AUSTRIA,2,Point (106054.02111991 105122.19678820),-58.39731474,-34.58307887,2
607,607,20200069,"INDEPENDENCIA AV. y SAENZ PEÃ‘A, LUIS, PRES.",1,Point (106954.95135245 101257.81371683),-58.38746381,-34.61790839,2
608,608,20200070,"CALLAO AV. y LAS HERAS, GENERAL",2,Point (106550.65433457 104158.41702434),-58.39189441,-34.59176378,2
609,609,20200071,SAN PEDRITO AV. y DIRECTORIO AV.,7,Point (99615.63172945 99306.93173343),-58.46749188,-34.63551751,2
610,610,20200072,"JUJUY AV. y CALVO, CARLOS",3,Point (105547.81747951 100901.07129086),-58.40280471,-34.62113271,2
611,611,20200073,27 DE FEBRERO AV. y ESCALADA AV.,8,Point (101721.59002217 93844.25656649),-58.44451316,-34.68475866,2
612,612,20200074,BOGOTA y NAZCA AV.,7,Point (99284.33566289 100204.74520997),-58.47110424,-34.62742408,2
613,613,20200075,CORRIENTES AV. y 9 DE JULIO AV.,1,Point (107438.10136119 102829.30417800),-58.38220928,-34.60373898,2
614,614,20200076,ALVAREZ JONTE AV. y CHIVILCOY,10,Point (96822.61133430 101510.32578499),-58.49794468,-34.61565025,2
615,615,20200077,SAN MARTIN AV. y PUNTA ARENAS,15,Point (99182.71320106 103123.43585183),-58.47220945,-34.60111373,2
616,616,20200077,SAN MARTIN AV. y PUNTA ARENAS,15,Point (99182.71320106 103123.43585183),-58.47220945,-34.60111373,2
617,617,20200078,BARCO CENTENERA DEL 1118,7,Point (102405.37940842 99677.09327308),-58.43706741,-34.63217813,2
618,618,20200079,"PAZ, GRAL. AV. y GOYENECHE, ROBERTO PARQUE AV.",12,Point (97243.88021302 108974.21974638),-58.49332664,-34.54836855,2
619,619,20210001,AU FRONDIZI KM. 3,1,Point (107674.71781880 100334.26713627),-58.37960727,-34.62622851,1
620,620,20210002,"CASTRO, EMILIO AV. y MURGUIONDO",9,Point (95662.77651946 97729.83483715),-58.51061062,-34.64972472,1
621,621,20210003,AUTOPISTA 25 DE MAYO KM. 3.7,7,Point (103005.63484321 99983.28177809),-58.43052224,-34.62941648,1
622,622,20210004,CASEROS AV. y GUARANI,5,Point (104469.26511938 98956.35144845),-58.41455544,-34.63866836,1
623,623,20210005,"PERON, EVA AV. 3800",9,Point (99592.54465207 97999.69053974),-58.46774439,-34.64730145,1
624,624,20210006,AUTOPISTA ARTURO ILLIA y SARMIENTO AV.,14,Point (105087.20771949 106876.69794004),-58.40786274,-34.56726817,1
625,625,20210007,DE LOS CONSTITUYENTES AV. y GIRIBONE,15,Point (97784.94977398 104775.10084109),-58.48744301,-34.58622275,1
626,626,20210008,"SAENZ AV. y RABANAL, FRANCISCO, INTENDENTE AV.",4,Point (104283.01090451 97171.08656182),-58.41657793,-34.65476216,1
627,627,20210009,PAYSANDU y GAONA AV.,6,Point (100897.78829476 101987.96413026),-58.45351111,-34.61134937,1
628,628,20210010,"PAZ, GRAL. AV. y BALBIN, RICARDO, DR. AV.",12,Point (96563.66494817 108815.73881056),-58.5007381,-34.5497951,1
629,629,20210011,SANTA FE AV. 1675,2,Point (106591.90146932 103727.42053338),-58.39144148,-34.59564871,1
630,630,20210012,"DELLEPIANE, LUIS, TTE. GRAL. y GUAMINI",8,Point (98294.52407931 93943.96825453),-58.48191128,-34.68385968,1
631,631,20210013,"FALCON, RAMON L.,CNEL. y OLIVERA AV.",10,Point (97801.31825511 99194.93911759),-58.48727942,-34.63652467,1
632,632,20210014,SAN MARTIN AV. y NOGOYA,15,Point (98166.49822882 103491.41769625),-58.48328708,-34.59779521,1
633,633,20210015,SAN MARTIN AV. y TINOGASTA,15,Point (97533.67858226 103551.76003520),-58.49018543,-34.5972499,1
634,634,20210016,"FERNANDEZ DE LA CRUZ, F., GRAL. AV. y DE LA TORRE, LISANDRO",8,Point (99175.17507833 93836.79626465),-58.47230127,-34.68482689,1
635,635,20210017,SALTA y CASEROS AV.,1,Point (107397.40269295 99729.43717725),-58.38262614,-34.63168269,1
636,636,20210018,"JAURES, JEAN y PERON, JUAN DOMINGO, TTE. GENERAL",3,Point (104845.36965581 102365.51025993),-58.41047268,-34.60793518,1
637,637,20210019,"TRIUNVIRATO AV. y LARRALDE, CRISOLOGO AV.",12,Point (96944.69676081 107291.52292157),-58.49659234,-34.56353635,1
638,638,20210020,POTOSI y GASCON,5,Point (103546.90832431 102439.67271563),-58.42462955,-34.60727189,1
639,639,20210021,"YRIGOYEN, HIPOLITO y 24 DE NOVIEMBRE",3,Point (104734.09567654 101930.58983096),-58.41168345,-34.61185625,1
640,640,20210022,DEL LIBERTADOR AV. y ROOSEVELT FRANKLIN D.,13,Point (101075.92147827 108552.55000854),-58.45157681,-34.55217303,1
641,641,20210023,AUTOPISTA BUENOS AIRES - LA PLATA,4,Point (. .),-58.47534,-34.68757,1
642,642,20210024,"PERON, EVA AV. y PIEDRA BUENA AV.",9,Point (97027.10745715 95474.44134863),-58.49573651,-34.67006054,1
643,643,20210025,"PAZ, GRAL. AV. y AUTOPISTA DELLEPIANE LUIS TTE. GRAL.",8,Point (97832.57143731 93489.83736533),-58.48695354,-34.68795245,1
644,644,20210026,"AUTOPISTA 1 SUR PRESIDENTE ARTURO FRONDIZI y QUINQUELA MARTIN, BENITO",4,Point (108038.11136985 98307.74373426),-58.37562539,-34.64449357,1
645,645,20210027,"PAZ, GRAL. AV. y DONADO",12,Point (97098.48468623 109019.96106626),-58.49491054,-34.54795581,1
646,646,20210028,"COREA AV. y TORRES Y TENORIO, PRES.",7,Point (102000.84898999 98412.66166222),-58.44147621,-34.64357704,1
647,647,20210029,"FALCON, RAMON L.,CNEL. y SAN PEDRITO AV.",7,Point (99478.13530470 99680.01615001),-58.46899119,-34.63215432,1
648,648,20210030,FINOCHIETTO ENRIQUE DR. 1623,4,Point (107009.29363805 99410.79524854),-58.38685612,-34.63455776,1
649,649,20210031,9 DE JULIO AV. e INDEPENDENCIA AV.,1,Point (107535.23922218 101285.66809968),-58.38113667,-34.61765323,1
650,650,20210032,"CANTILO, INT. y GUIRALDES, INT.",13,Point (102035.21425502 109304.90133530),-58.44112678,-34.54538956,1
651,651,20210033,AUTOPISTA 25 DE MAYO y BOEDO AV.,5,Point (104341.13684161 100202.74307433),-58.41595919,-34.62743346,1
652,652,20210034,"ALCORTA, AMANCIO AV. y ZAVALETA",4,Point (105634.57202683 98201.36000813),-58.40184094,-34.64546845,1
653,653,20210035,"JANER, ANA MARIA y LAFUENTE AV.",8,Point (101547.14246919 96946.08308197),-58.44642231,-34.65679806,1
654,654,20210036,"PAZ, GRAL. AV. y MOSCONI GENERAL AV.",11,Point (94486.28631712 103468.59928582),-58.52340614,-34.59798754,1
655,655,20210037,"MONROE y BALBIN, RICARDO, DR. AV.",13,Point (99707.12636872 107441.30935745),-58.46649069,-34.56219075,1
656,656,20210038,"JUSTO, JUAN B. AV. y SANTA FE AV.",14,Point (103373.45116327 105668.33246254),-58.42653328,-34.57816791,1
657,657,20210039,"OLIDEN y ALBERDI, JUAN BAUTISTA AV.",9,Point (96262.45081883 97363.01985851),-58.50407099,-34.65303372,1
658,658,20210040,"PAZ, GRAL. AV. y DEL LIBERTADOR AV.",13,Point (99620.34936816 110483.29286598),-58.46743471,-34.53476874,1
659,659,20210041,DEL LIBERTADOR AV. y CASARES AV.,14,Point (104902.75332390 105766.08933002),-58.40986646,-34.5772806,1
660,660,20210042,RIVADAVIA AV. 10900,9,Point (95040.52119933 98883.98738744),-58.51739138,-34.63931792,1
661,661,20210043,"ALBERDI, JUAN BAUTISTA AV. y PILAR",9,Point (95975.76718859 97082.39835843),-58.50719962,-34.65556223,1
662,662,20210044,"PERON, EVA AV. y ACOSTA, MARIANO",9,Point (99649.49576145 98143.82203448),-58.46712311,-34.64600222,1
663,663,20210045,AUTOPISTA 1 SUR PRESIDENTE ARTURO FRONDIZI y SUAREZ AV.,4,Point (107903.91828587 98767.43091425),-58.37709334,-34.64035082,1
664,664,20210046,ELCANO AV. y GUZMAN AV.,15,Point (100272.31336486 104833.49710745),-58.46033141,-34.58569883,1
665,665,20210047,"VEDIA, AGUSTIN DE y RABANAL, FRANCISCO, INTENDENTE AV.",4,Point (103794.38334006 96997.15780313),-58.42190745,-34.65633192,1
666,666,20210048,CAPDEVILA y CONGRESO AV.,12,Point (97525.48112402 106595.29222041),-58.49026573,-34.5698141,1
667,667,20210049,"FERNANDEZ DE LA CRUZ, F., GRAL. AV. 4000",8,Point (100842.91519469 95589.55734164),-58.45410344,-34.66902702,1
668,668,20210050,DEL LIBERTADOR AV. 5958,13,Point (101448.53024105 107994.96785043),-58.44751621,-34.55719892,1
669,669,20210051,27 DE FEBRERO AV. y EREZCANO AV.,4,Point (103932.07299582 96584.44861459),-58.42040352,-34.66005171,1
670,670,20210052,"PAZ, GRAL. AV. 14723",8,Point (97067.24775528 94359.84584291),-58.49530249,-34.68010798,1
671,671,20210053,CORRIENTES AV. 5783,15,Point (101770.58108820 103826.64826158),-58.44399875,-34.5947736,1
672,672,20210054,TABARE y EREZCANO,4,Point (103272.79484249 97185.20508662),-58.42759813,-34.65463857,1
673,673,20210055,CORRIENTES AV. y PUEYRREDON AV.,3,Point (105304.23090859 102739.35602688),-58.40547222,-34.60456293,1
674,674,20210056,"CORRALES y MORENO, PERITO AV.",4,Point (103535.89012020 97690.49979847),-58.42473018,-34.6500828,2
675,675,20210057,AUTOPISTA  ARTURO ILLIA (CABINA DE PEAJE),2,Point (106489.89755339 105947.16700228),-58.39257023,-34.57563957,2
676,676,20210058,"PAZ, GRAL. AV. y VEDIA",12,Point (97603.26759351 109241.33811464),-58.48941042,-34.54596153,2
677,677,20210059,"GARAY, JUAN DE AV. 2269",3,Point (106134.00626590 100157.65420238),-58.3964074,-34.62783085,2
678,678,20210060,"SALGUERO, JERONIMO y RIVADAVIA AV.",5,Point (103997.04813615 102012.34139150),-58.41971993,-34.6111224,2
679,679,20210061,"MORENO, PERITO AV. y ALCORTA, AMANCIO AV.",4,Point (105303.77662691 97684.64886839),-58.40544588,-34.65012801,2
680,680,20210062,LA PLATA AV. 2723,4,Point (103966.14093695 98092.26779856),-58.42003882,-34.64645957,2
681,681,20210063,"ALBERDI, JUAN BAUTISTA AV. 2906",7,Point (99521.99764944 99532.20302798),-58.46851293,-34.63348678,2
682,682,20210064,"PAZ, GRAL. AV. y TONELERO",9,Point (93948.70282497 97229.16264548),-58.52931141,-34.65422917,2
683,683,20210065,SAN JUAN AV. y LA PLATA AV.,6,Point (103350.94520286 100251.53397151),-58.42675754,-34.6269973,2
684,684,20210066,"LOPE DE VEGA AV. y PAZ, GRAL. AV.",11,Point (93943.16495967 102026.75338495),-58.52933723,-34.61098186,2
685,685,20210067,AUTOPISTA 1 SUR PRESIDENTE ARTURO FRONDIZI y BRASIL,1,Point (107720.23994349 100176.85080944),-58.37910943,-34.62764718,2
686,686,20210068,"BEIRO, FRANCISCO AV. 5071",11,Point (94651.77324467 101953.65862250),-58.52161176,-34.61164474,2
687,687,20210069,SANTA FE AV. 3428,14,Point (104564.52859898 104690.63252497),-58.41354692,-34.5869768,2
688,688,20210070,"CHILAVERT, MARTINIANO, CORONEL y VARELA AV.",8,Point (102171.86474787 97177.81588434),-58.43960781,-34.65470804,2
689,689,20210071,SAN LUIS 2730,3,Point (105389.46943359 103241.39184079),-58.4045461,-34.60003693,2
690,690,20210072,CALLAO AV. y PARAGUAY,2,Point (106445.10866138 103387.80115442),-58.39303911,-34.59871111,2
691,691,20210073,"DEL LIBERTADOR AV. y AGOTE, LUIS DR.",2,Point (106366.2976627 105013.87298990),-58.39391034,-34.58405348,2
692,692,20210074,"PAZ, GRAL. AV. y BALBIN, RICARDO, DR. AV.",12,Point (96563.66494817 108815.73881056),-58.5007381,-34.5497951,2
693,693,20210075,SALTA y BRASIL,1,Point (107380.60401316 100153.47427104),-58.38281301,-34.62786038,2
694,694,20210076,"MORENO, PERITO AV. 2152",7,Point (102153.60977503 97595.73281258),-58.43980799,-34.65094083,2
695,695,20210077,DIRECTORIO AV. 1169,6,Point (101767.56647933 99993.06655411),-58.44402387,-34.62933109,2
696,696,20210078,INDEPENDENCIA AV. y LA PLATA AV.,6,Point (103255.81315650 100797.78656418),-58.42779702,-34.62207347,2
697,697,20210079,TUCUMAN 3112,3,Point (104940.36054625 103137.08602294),-58.40944147,-34.60097942,2
698,698,20210080,ARENALES y 9 DE JULIO AV.,1,Point (107387.05825032 103876.26437289),-58.38277479,-34.5943016,2
699,699,20210081,AUTOPISTA 1 SUR PRESIDENTE ARTURO FRONDIZI y BRANDSEN,4,Point (107979.30419282 99027.13636949),-58.37627355,-34.63800916,2
700,700,20210082,AUTOPISTA 25 DE MAYO y PASCO,3,Point (106179.07517962 100523.29161457),-58.39591856,-34.62453459,2
701,701,20210083,CABILDO AV. y OLAZABAL,13,Point (100459.06991201 107666.84775309),-58.45829717,-34.56015762,2
702,702,20210084,TAPALQUE y BRUIX AV.,9,Point (97421.40293646 98160.56984338),-58.49142611,-34.64584795,2
703,703,20210085,"PAZ, GRAL. AV. y EZEIZA",12,Point (95465.98721454 105701.33171467),-58.51271409,-34.57786555,2
704,704,20210086,RIVADAVIA AV. y PUAN,6,Point (101343.57441195 100636.86479169),-58.44864864,-34.62352826,2
705,705,20210087,ESMERALDA 1359,1,Point (107829.16426745 104166.84427133),-58.37795815,-34.59167894,2
706,706,20210088,MONROE y 3 DE FEBRERO,13,Point (100732.60222975 108177.68150062),-58.45531707,-34.55555257,2
707,707,20210089,GAONA AV. 3655,11,Point (98804.41713890 100872.30706871),-58.47633683,-34.62140594,2
708,708,20210090,9 DE JULIO AV. y LAVALLE,1,Point (107467.87595573 102960.02837514),-58.38188582,-34.60256036,2
709,709,20210091,"BAIGORRIA y HUGO, VICTOR",10,Point (94810.03686085 100710.80080255),-58.51989389,-34.62284918,2
710,710,20210092,RIVADAVIA AV. y PUEYRREDON AV.,3,Point (105258.35368554 102122.93231400),-58.4059686,-34.61011987,2
711,711,20210093,RIESTRA AV. y MOM,7,Point (102728.60090138 98186.24929177),-58.43353773,-34.64561636,2
712,712,20210094,"DELLEPIANE, LUIS, TTE. GRAL. y LACARRA AV.",9,Point (99624.29795829 97569.69801131),-58.46739825,-34.65117757,2
713,713,20210095,GAONA AV. y TERRADA,11,Point (99116.45492358 101045.23284826),-58.47293407,-34.61984745,2
714,714,20210096,"PERON, EVA AV. 4071",9,Point (99324.54463985 97676.26932409),-58.47066794,-34.65021673,2
715,715,20210097,PADRE CARLOS MUGICA 709,1,Point (107664.16647795 104708.63962087),-58.37976155,-34.58679619,2
